County,Precincts,,Date/Period,,,Democratic,,,Green,Libertarian,Republican,,Other,,Total,,,,,

Apache,44,,MAR 2018,,,"28,771",,,55,154,"8,825",,"12,812",,"50,617",,,,,
,44,,P.E. 2018,,,"27,385",,,46,147,"8,554",,"12,229",,"48,361",,,,,
,44,,G.E. 2018,,,"28,223",,,47,154,"8,960",,"12,416",,"49,800",,,,,

Cochise,49,,MAR 2018,,,"18,730",,,130,546,"26,960",,"23,322",,"69,688",,,,,
,49,,P.E. 2018,,,"18,589",,,114,558,"26,979",,"23,202",,"69,442",,,,,
,49,,G.E. 2018,,,"18,963",,,110,542,"27,590",,"23,649",,"70,854",,,,,

Coconino,71,,MAR 2018,,,"32,608",,,304,843,"21,086",,"27,735",,"82,576",,,,,
,71,,P.E. 2018,,,"30,512",,,249,742,"19,635",,"24,445",,"75,583",,,,,
,71,,G.E. 2018,,,"33,996",,,279,794,"21,123",,"27,047",,"83,239",,,,,

Gila,39,,MAR 2018,,,"9,123",,,31,180,"12,974",,"8,531",,"30,839",,,,,
,39,,P.E. 2018,,,"8,662",,,29,175,"12,298",,"7,722",,"28,886",,,,,
,39,,G.E. 2018,,,"8,693",,,27,179,"12,881",,"7,993",,"29,773",,,,,

Graham,22,,MAR 2018,,,"5,498",,,13,80,"8,430",,"4,581",,"18,602",,,,,
,22,,P.E. 2018,,,"5,076",,,9,82,"8,066",,"4,152",,"17,385",,,,,
,22,,G.E. 2018,,,"5,164",,,11,91,"8,330",,"4,310",,"17,906",,,,,

Greenlee,8,,MAR 2018,,,"1,975",,,3,36,"1,423",,"1,369",,"4,806",,,,,
,8,,P.E. 2018,,,"1,857",,,3,32,"1,345",,"1,248",,"4,485",,,,,
,8,,G.E. 2018,,,"1,857",,,4,32,"1,369",,"1,273",,"4,535",,,,,

La Paz,11,,MAR 2018,,,"2,222",,,15,39,"3,823",,"3,574",,"9,673",,,,,
,11,,P.E. 2018,,,"2,231",,,12,38,"3,908",,"3,625",,"9,814",,,,,
,11,,G.E. 2018,,,"2,272",,,13,39,"4,025",,"3,699",,"10,048",,,,,

Maricopa,738,,MAR 2018,,,"626,489",,,"3,776","20,621","782,999",,"759,506",,"2,193,391",,,,,
,743,,P.E. 2018,,,"649,268",,,"3,736","20,949","790,246",,"765,519",,"2,229,718",,,,,
,743,,G.E. 2018,,,"666,835",,,"3,605","20,970","796,075",,"767,111",,"2,254,596",,,,,

Mohave,24,,MAR 2018,,,"20,571",,,153,750,"53,939",,"44,779",,"120,192",,,,,
,24,,P.E. 2018,,,"20,191",,,139,710,"54,594",,"43,205",,"118,839",,,,,
,24,,G.E. 2018,,,"19,660",,,136,679,"54,932",,"40,939",,"116,346",,,,,

Navajo,14,,MAR 2018,,,"25,234",,,70,415,"21,246",,"17,909",,"64,874",,,,,
,14,,P.E. 2018,,,"24,136",,,77,400,"20,587",,"16,958",,"62,158",,,,,
,14,,G.E. 2018,,,"24,459",,,79,387,"21,103",,"17,006",,"63,034",,,,,

Pima,249,,MAR 2018,,,"195,874",,,"1,551","4,064","157,008",,"158,169",,"516,666",,,,,
,248,,P.E. 2018,,,"200,943",,,"1,485","4,100","157,706",,"160,746",,"524,980",,,,,
,249,,G.E. 2018,,,"214,319",,,"1,485","4,360","165,240",,"172,128",,"557,532",,,,,

Pinal,102,,MAR 2018,,,"52,183",,,279,"1,557","68,620",,"74,915",,"197,554",,,,,
,102,,P.E. 2018,,,"51,623",,,272,"1,493","68,286",,"71,472",,"193,146",,,,,
,102,,G.E. 2018,,,"54,115",,,287,"1,581","71,998",,"74,098",,"202,079",,,,,

Santa Cruz,24,,MAR 2018,,,"13,850",,,46,161,"4,384",,"8,986",,"27,427",,,,,
,24,,P.E. 2018,,,"14,189",,,67,152,"4,614",,"8,742",,"27,764",,,,,
,24,,G.E. 2018,,,"14,242",,,48,148,"4,571",,"9,229",,"28,238",,,,,

Yavapai,45,,MAR 2018,,,"27,664",,,293,"1,058","62,446",,"44,876",,"136,337",,,,,
,45,,P.E. 2018,,,"27,846",,,273,"1,041","63,229",,"44,081",,"136,470",,,,,
,45,,G.E. 2018,,,"29,003",,,272,"1,057","65,421",,"44,971",,"140,724",,,,,

Yuma,44,,MAR 2018,,,"29,518",,,63,568,"24,831",,"32,155",,"87,135",,,,,
,44,,P.E. 2018,,,"29,072",,,58,558,"24,248",,"31,370",,"85,306",,,,,
,44,,G.E. 2018,,,"29,944",,,60,570,"24,714",,"32,169",,"87,457",,,,,

Totals:,"1,484",,MAR 2018,,,"1,090,310",,,"6,782","31,072","1,258,994",,"1,223,219",,"3,610,377",,,,,
,"1,488",,P.E. 2018,,,"1,111,580",,,"6,569","31,177","1,264,295",,"1,218,716",,"3,632,337",,,,,
,"1,489",,G.E. 2018,,,"1,151,745",,,"6,463","31,583","1,288,332",,"1,238,038",,"3,716,161",,,,,

Percentages:,,,MAR 2018,,,30.20,,,0.19,0.86,34.87,,33.88,,,,,,,
,,,P.E. 2018,,,30.60,,,0.18,0.86,34.81,,33.55,,,,,,,
,,,G.E. 2018,,,30.99,,,0.17,0.85,34.67,,33.31,,,,,,,

Active
District,,,,Precincts,Democratic,,,Green,,Libertarian,,Republican,,Other,,Total,,,,

Congressional District 1
Apache,,,,44,"28,223",,,47,,154,,"8,960",,"12,416",,"49,800",,,,
Coconino,,,,71,"33,996",,,279,,794,,"21,123",,"27,047",,"83,239",,,,
Gila,,,,22,"5,583",,,6,,56,,"2,960",,"3,284",,"11,889",,,,
Graham,,,,22,"5,164",,,11,,91,,"8,330",,"4,310",,"17,906",,,,
Greenlee,,,,8,"1,857",,,4,,32,,"1,369",,"1,273",,"4,535",,,,
Maricopa,,,,3,618,,,1,,8,,84,,534,,"1,245",,,,
Mohave,,,,2,275,,,0,,3,,120,,364,,762,,,,
Navajo,,,,14,"24,459",,,79,,387,,"21,103",,"17,006",,"63,034",,,,
Pima,,,,26,"18,968",,,85,,453,,"29,042",,"20,793",,"69,341",,,,
Pinal,,,,60,"33,782",,,134,,725,,"34,274",,"38,851",,"107,766",,,,
Yavapai,,,,7,"5,421",,,55,,148,,"6,927",,"7,011",,"19,562",,,,
Total:,,,,279,"158,346",,,701,,"2,851",,"134,292",,"132,889",,"429,079",,,,

Congressional District 2
Cochise,,,,49,"18,963",,,110,,542,,"27,590",,"23,649",,"70,854",,,,
Pima,,,,146,"125,402",,,893,,"2,854",,"110,418",,"104,588",,"344,155",,,,
Total:,,,,195,"144,365",,,"1,003",,"3,396",,"138,008",,"128,237",,"415,009",,,,

Congressional District 3
Maricopa,,,,47,"41,428",,,155,,969,,"28,649",,"43,293",,"114,494",,,,
Pima,,,,77,"69,949",,,507,,"1,053",,"25,780",,"46,747",,"144,036",,,,
Pinal,,,,1,151,,,0,,0,,10,,79,,240,,,,
Santa Cruz,,,,24,"14,242",,,48,,148,,"4,571",,"9,229",,"28,238",,,,
Yuma,,,,29,"22,915",,,50,,321,,"10,829",,"20,747",,"54,862",,,,
Total:,,,,178,"148,685",,,760,,"2,491",,"69,839",,"120,095",,"341,870",,,,

Congressional District 4
Gila,,,,17,"3,110",,,21,,123,,"9,921",,"4,709",,"17,884",,,,
La Paz,,,,11,"2,272",,,13,,39,,"4,025",,"3,699",,"10,048",,,,
Maricopa,,,,18,"6,116",,,40,,258,,"14,884",,"10,263",,"31,561",,,,
Mohave,,,,22,"19,385",,,136,,676,,"54,812",,"40,575",,"115,584",,,,
Pinal,,,,41,"20,182",,,153,,856,,"37,714",,"35,168",,"94,073",,,,
Yavapai,,,,38,"23,582",,,217,,909,,"58,494",,"37,960",,"121,162",,,,
Yuma,,,,15,"7,029",,,10,,249,,"13,885",,"11,422",,"32,595",,,,
Total:,,,,162,"81,676",,,590,,"3,110",,"193,735",,"143,796",,"422,907",,,,

Congressional District 5
Maricopa,,,,128,"108,370",,,606,,"4,593",,"208,324",,"158,267",,"480,160",,,,
Total:,,,,128,"108,370",,,606,,"4,593",,"208,324",,"158,267",,"480,160",,,,

Congressional District 6
Maricopa,,,,157,"118,904",,,644,,"4,391",,"187,052",,"157,861",,"468,852",,,,
Total:,,,,157,"118,904",,,644,,"4,391",,"187,052",,"157,861",,"468,852",,,,

Congressional District 7
Maricopa,,,,107,"136,981",,,577,,"2,488",,"43,473",,"106,433",,"289,952",,,,
Total:,,,,107,"136,981",,,577,,"2,488",,"43,473",,"106,433",,"289,952",,,,

Congressional District 8
Maricopa,,,,143,"114,212",,,607,,"3,539",,"190,574",,"150,122",,"459,054",,,,
Total:,,,,143,"114,212",,,607,,"3,539",,"190,574",,"150,122",,"459,054",,,,

Congressional District 9
Maricopa,,,,140,"140,206",,,975,,"4,724",,"123,035",,"140,338",,"409,278",,,,
Total:,,,,140,"140,206",,,975,,"4,724",,"123,035",,"140,338",,"409,278",,,,

Legislative District 1
Maricopa,,,,16,"8,472",,,57,,405,,"23,207",,"14,526",,"46,667",,,,
Yavapai,,,,35,"18,722",,,169,,772,,"51,209",,"31,265",,"102,137",,,,
Total:,,,,51,"27,194",,,226,,"1,177",,"74,416",,"45,791",,"148,804",,,,

Legislative District 2
Pima,,,,33,"29,706",,,129,,499,,"20,757",,"25,895",,"76,986",,,,
Santa Cruz,,,,24,"14,242",,,48,,148,,"4,571",,"9,229",,"28,238",,,,
Total:,,,,57,"43,948",,,177,,647,,"25,328",,"35,124",,"105,224",,,,

Legislative District 3
Pima,,,,41,"48,258",,,416,,706,,"16,058",,"29,968",,"95,406",,,,
Total:,,,,41,"48,258",,,416,,706,,"16,058",,"29,968",,"95,406",,,,

Legislative District 4
Maricopa,,,,18,"9,318",,,56,,277,,"10,783",,"11,680",,"32,114",,,,
Pima,,,,17,"7,664",,,45,,88,,"2,424",,"4,971",,"15,192",,,,
Pinal,,,,1,151,,,0,,0,,10,,79,,240,,,,
Yuma,,,,23,"20,443",,,45,,260,,"8,316",,"17,800",,"46,864",,,,
Total:,,,,59,"37,576",,,146,,625,,"21,533",,"34,530",,"94,410",,,,

Legislative District 5
La Paz,,,,11,"2,272",,,13,,39,,"4,025",,"3,699",,"10,048",,,,
Mohave,,,,22,"19,385",,,136,,676,,"54,812",,"40,575",,"115,584",,,,
Total:,,,,33,"21,657",,,149,,715,,"58,837",,"44,274",,"125,632",,,,

Legislative District 6
Coconino,,,,45,"22,449",,,235,,632,,"16,614",,"20,329",,"60,259",,,,
Gila,,,,18,"3,151",,,21,,124,,"10,017",,"4,752",,"18,065",,,,
Navajo,,,,5,"2,821",,,18,,126,,"9,191",,"3,981",,"16,137",,,,
Yavapai,,,,10,"10,281",,,103,,285,,"14,212",,"13,706",,"38,587",,,,
Total:,,,,78,"38,702",,,377,,"1,167",,"50,034",,"42,768",,"133,048",,,,

Legislative District 7
Apache,,,,44,"28,223",,,47,,154,,"8,960",,"12,416",,"49,800",,,,
Coconino,,,,26,"11,547",,,44,,162,,"4,509",,"6,718",,"22,980",,,,
Gila,,,,3,"1,765",,,1,,10,,186,,827,,"2,789",,,,
Graham,,,,2,"1,343",,,0,,5,,174,,569,,"2,091",,,,
Mohave,,,,2,275,,,0,,3,,120,,364,,762,,,,
Navajo,,,,9,"21,638",,,61,,261,,"11,912",,"13,025",,"46,897",,,,
Pinal,,,,1,0,,,0,,0,,0,,0,,0,,,,
Total:,,,,87,"64,791",,,153,,595,,"25,861",,"33,919",,"125,319",,,,

Legislative District 8
Gila,,,,18,"3,777",,,5,,45,,"2,678",,"2,414",,"8,919",,,,
Pinal,,,,51,"27,884",,,129,,677,,"29,948",,"33,330",,"91,968",,,,
Total:,,,,69,"31,661",,,134,,722,,"32,626",,"35,744",,"100,887",,,,

Legislative District 9
Pima,,,,57,"49,953",,,376,,"1,053",,"37,904",,"37,706",,"126,992",,,,
Total:,,,,57,"49,953",,,376,,"1,053",,"37,904",,"37,706",,"126,992",,,,

Legislative District 10
Pima,,,,49,"47,191",,,343,,"1,064",,"39,103",,"36,790",,"124,491",,,,
Total:,,,,49,"47,191",,,343,,"1,064",,"39,103",,"36,790",,"124,491",,,,

Legislative District 11
Pima,,,,34,"22,900",,,127,,614,,"34,740",,"25,111",,"83,492",,,,
Pinal,,,,27,"15,580",,,76,,474,,"20,490",,"21,348",,"57,968",,,,
Total:,,,,61,"38,480",,,203,,"1,088",,"55,230",,"46,459",,"141,460",,,,

Legislative District 12
Maricopa,,,,37,"33,461",,,184,,"1,615",,"72,493",,"50,477",,"158,230",,,,
Pinal,,,,1,284,,,4,,20,,756,,554,,"1,618",,,,
Total:,,,,38,"33,745",,,188,,"1,635",,"73,249",,"51,031",,"159,848",,,,

Legislative District 13
Maricopa,,,,29,"21,148",,,115,,711,,"36,511",,"29,674",,"88,159",,,,
Yuma,,,,21,"9,501",,,15,,310,,"16,398",,"14,369",,"40,593",,,,
Total:,,,,50,"30,649",,,130,,"1,021",,"52,909",,"44,043",,"128,752",,,,

Legislative District 14
Cochise,,,,49,"18,963",,,110,,542,,"27,590",,"23,649",,"70,854",,,,
Graham,,,,20,"3,821",,,11,,86,,"8,156",,"3,741",,"15,815",,,,
Greenlee,,,,8,"1,857",,,4,,32,,"1,369",,"1,273",,"4,535",,,,
Pima,,,,18,"7,338",,,43,,328,,"13,753",,"9,850",,"31,312",,,,
Total:,,,,95,"31,979",,,168,,988,,"50,868",,"38,513",,"122,516",,,,

Legislative District 15
Maricopa,,,,42,"34,123",,,201,,"1,421",,"60,353",,"47,458",,"143,556",,,,
Total:,,,,42,"34,123",,,201,,"1,421",,"60,353",,"47,458",,"143,556",,,,

Legislative District 16
Maricopa,,,,25,"19,318",,,124,,819,,"36,076",,"31,201",,"87,538",,,,
Pinal,,,,21,"10,216",,,78,,410,,"20,794",,"18,787",,"50,285",,,,
Total:,,,,46,"29,534",,,202,,"1,229",,"56,870",,"49,988",,"137,823",,,,

Legislative District 17
Maricopa,,,,40,"39,810",,,193,,"1,327",,"53,424",,"49,448",,"144,202",,,,
Total:,,,,40,"39,810",,,193,,"1,327",,"53,424",,"49,448",,"144,202",,,,

Legislative District 18
Maricopa,,,,41,"46,441",,,275,,"1,546",,"49,344",,"46,768",,"144,374",,,,
Total:,,,,41,"46,441",,,275,,"1,546",,"49,344",,"46,768",,"144,374",,,,

Legislative District 19
Maricopa,,,,29,"39,007",,,116,,700,,"14,574",,"34,410",,"88,807",,,,
Total:,,,,29,"39,007",,,116,,700,,"14,574",,"34,410",,"88,807",,,,

Legislative District 20
Maricopa,,,,47,"36,749",,,239,,"1,343",,"44,001",,"44,544",,"126,876",,,,
Total:,,,,47,"36,749",,,239,,"1,343",,"44,001",,"44,544",,"126,876",,,,

Legislative District 21
Maricopa,,,,42,"35,769",,,180,,949,,"48,519",,"44,303",,"129,720",,,,
Total:,,,,42,"35,769",,,180,,949,,"48,519",,"44,303",,"129,720",,,,

Legislative District 22
Maricopa,,,,48,"34,298",,,157,,"1,041",,"72,700",,"49,067",,"157,263",,,,
Total:,,,,48,"34,298",,,157,,"1,041",,"72,700",,"49,067",,"157,263",,,,

Legislative District 23
Maricopa,,,,57,"37,578",,,165,,"1,266",,"74,647",,"54,147",,"167,803",,,,
Total:,,,,57,"37,578",,,165,,"1,266",,"74,647",,"54,147",,"167,803",,,,

Legislative District 24
Maricopa,,,,40,"47,149",,,335,,"1,319",,"23,355",,"37,622",,"109,780",,,,
Total:,,,,40,"47,149",,,335,,"1,319",,"23,355",,"37,622",,"109,780",,,,

Legislative District 25
Maricopa,,,,42,"30,929",,,213,,"1,392",,"60,720",,"44,806",,"138,060",,,,
Total:,,,,42,"30,929",,,213,,"1,392",,"60,720",,"44,806",,"138,060",,,,

Legislative District 26
Maricopa,,,,34,"35,694",,,317,,"1,245",,"21,601",,"37,557",,"96,414",,,,
Total:,,,,34,"35,694",,,317,,"1,245",,"21,601",,"37,557",,"96,414",,,,

Legislative District 27
Maricopa,,,,37,"47,464",,,170,,725,,"13,046",,"33,680",,"95,085",,,,
Total:,,,,37,"47,464",,,170,,725,,"13,046",,"33,680",,"95,085",,,,

Legislative District 28
Maricopa,,,,57,"41,523",,,239,,"1,395",,"49,908",,"42,624",,"135,689",,,,
Total:,,,,57,"41,523",,,239,,"1,395",,"49,908",,"42,624",,"135,689",,,,

Legislative District 29
Maricopa,,,,33,"34,884",,,108,,741,,"14,614",,"31,957",,"82,304",,,,
Total:,,,,33,"34,884",,,108,,741,,"14,614",,"31,957",,"82,304",,,,

Legislative District 30
Maricopa,,,,29,"33,700",,,161,,733,,"16,199",,"31,162",,"81,955",,,,
Total:,,,,29,"33,700",,,161,,733,,"16,199",,"31,162",,"81,955",,,,

State Total:,,,,1489,"1,150,436",,,"6,457",,"31,575",,"1,287,831",,"1,236,201",,"3,712,500",,,,
Inactive
County,Precincts,,Date/Period,,,Democratic,,,Green,Libertarian,Republican,,Other,,Total,,,,,

Apache,44,,MAR 2018,,,"1,263",,,2,15,560,,892,,"2,732",,,,,
,44,,P.E. 2018,,,"2,715",,,8,27,"1,092",,"1,693",,"5,535",,,,,
,44,,G.E. 2018,,,"2,340",,,6,24,963,,"1,595",,"4,928",,,,,

Cochise,49,,MAR 2018,,,"3,459",,,42,113,"4,569",,"6,988",,"15,171",,,,,
,49,,P.E. 2018,,,"3,764",,,48,133,"5,053",,"7,515",,"16,513",,,,,
,49,,G.E. 2018,,,"3,703",,,43,140,"5,163",,"7,332",,"16,381",,,,,

Coconino,71,,MAR 2018,,,"2,648",,,52,110,"1,669",,"4,669",,"9,148",,,,,
,71,,P.E. 2018,,,"5,414",,,90,219,"3,413",,"8,087",,"17,223",,,,,
,71,,G.E. 2018,,,"4,721",,,78,204,"3,236",,"7,261",,"15,500",,,,,

Gila,39,,MAR 2018,,,"1,583",,,9,46,"1,748",,"2,327",,"5,713",,,,,
,39,,P.E. 2018,,,"1,931",,,11,49,"2,537",,"3,117",,"7,645",,,,,
,39,,G.E. 2018,,,"1,995",,,13,47,"2,403",,"2,907",,"7,365",,,,,

Graham,22,,MAR 2018,,,529,,,2,6,696,,823,,"2,056",,,,,
,22,,P.E. 2018,,,894,,,5,11,"1,190",,"1,307",,"3,407",,,,,
,22,,G.E. 2018,,,850,,,4,13,"1,128",,"1,255",,"3,250",,,,,

Greenlee,8,,MAR 2018,,,54,,,0,0,58,,98,,210,,,,,
,8,,P.E. 2018,,,132,,,0,3,164,,222,,521,,,,,
,8,,G.E. 2018,,,128,,,0,2,163,,217,,510,,,,,

La Paz,11,,MAR 2018,,,498,,,7,9,591,,909,,"2,014",,,,,
,11,,P.E. 2018,,,487,,,7,10,606,,908,,"2,018",,,,,
,11,,G.E. 2018,,,470,,,7,10,590,,889,,"1,966",,,,,

Maricopa,738,,MAR 2018,,,"72,549",,,641,"3,170","63,856",,"121,757",,"261,973",,,,,
,743,,P.E. 2018,,,"71,157",,,641,"3,255","67,365",,"127,536",,"269,954",,,,,
,743,,G.E. 2018,,,"78,899",,,719,"3,745","81,016",,"138,307",,"302,686",,,,,

Mohave,24,,MAR 2018,,,"5,797",,,41,171,"7,987",,"13,781",,"27,777",,,,,
,24,,P.E. 2018,,,"6,155",,,46,210,"9,280",,"15,303",,"30,994",,,,,
,24,,G.E. 2018,,,"6,723",,,46,254,"10,798",,"17,781",,"35,602",,,,,

Navajo,14,,MAR 2018,,,"2,242",,,15,64,"2,371",,"2,594",,"7,286",,,,,
,14,,P.E. 2018,,,"3,172",,,19,86,"3,290",,"3,731",,"10,298",,,,,
,14,,G.E. 2018,,,"3,281",,,18,98,"3,415",,"3,912",,"10,724",,,,,

Pima,249,,MAR 2018,,,"29,746",,,467,994,"22,109",,"38,935",,"92,251",,,,,
,248,,P.E. 2018,,,"31,555",,,493,"1,085","24,491",,"41,781",,"99,405",,,,,
,249,,G.E. 2018,,,"26,618",,,421,961,"21,562",,"37,768",,"87,330",,,,,

Pinal,102,,MAR 2018,,,"4,084",,,25,125,"4,108",,"7,172",,"15,514",,,,,
,102,,P.E. 2018,,,"6,150",,,38,234,"6,936",,"12,561",,"25,919",,,,,
,102,,G.E. 2018,,,"5,549",,,36,209,"6,196",,"11,753",,"23,743",,,,,

Santa Cruz,24,,MAR 2018,,,"1,084",,,4,16,375,,"1,047",,"2,526",,,,,
,24,,P.E. 2018,,,"1,117",,,3,17,383,,"1,120",,"2,640",,,,,
,24,,G.E. 2018,,,"1,059",,,3,15,363,,"1,093",,"2,533",,,,,

Yavapai,45,,MAR 2018,,,"3,301",,,64,223,"6,152",,"8,372",,"18,112",,,,,
,45,,P.E. 2018,,,"3,778",,,80,253,"7,317",,"9,932",,"21,360",,,,,
,45,,G.E. 2018,,,"3,743",,,79,256,"7,399",,"9,951",,"21,428",,,,,

Yuma,44,,MAR 2018,,,"6,090",,,28,196,"5,886",,"10,741",,"22,941",,,,,
,44,,P.E. 2018,,,"6,973",,,29,240,"6,977",,"12,632",,"26,851",,,,,
,44,,G.E. 2018,,,"6,957",,,28,230,"7,217",,"12,197",,"26,629",,,,,

Totals:,"1,484",,MAR 2018,,,"134,927",,,"1,399","5,258","122,735",,"221,105",,"485,424",,,,,
,"1,488",,P.E. 2018,,,"145,394",,,"1,518","5,832","140,094",,"247,445",,"540,283",,,,,
,"1,489",,G.E. 2018,,,"147,036",,,"1,501","6,208","151,612",,"254,218",,"560,575",,,,,

Percentages:,,,MAR 2018,,,27.80,,,0.29,1.08,25.28,,45.55,,,,,,,
,,,P.E. 2018,,,26.91,,,0.28,1.08,25.93,,45.80,,,,,,,
,,,G.E. 2018,,,26.23,,,0.27,1.11,27.05,,45.35,,,,,,,

Inactive
District,,,,Precincts,Democratic,,,Green,,Libertarian,,Republican,,Other,,Total,,,,

Congressional District 1
Apache,,,,44,"2,340",,,6,,24,,963,,"1,595",,"4,928",,,,
Coconino,,,,71,"4,721",,,78,,204,,"3,236",,"7,261",,"15,500",,,,
Gila,,,,22,"1,260",,,4,,13,,619,,"1,328",,"3,224",,,,
Graham,,,,22,850,,,4,,13,,"1,128",,"1,255",,"3,250",,,,
Greenlee,,,,8,128,,,0,,2,,163,,217,,510,,,,
Maricopa,,,,3,26,,,0,,1,,10,,35,,72,,,,
Mohave,,,,2,24,,,0,,0,,14,,49,,87,,,,
Navajo,,,,14,"3,281",,,18,,98,,"3,415",,"3,912",,"10,724",,,,
Pima,,,,26,"1,802",,,22,,87,,"3,214",,"3,303",,"8,428",,,,
Pinal,,,,60,"3,415",,,20,,78,,"2,909",,"5,955",,"12,377",,,,
Yavapai,,,,7,670,,,15,,35,,766,,"1,420",,"2,906",,,,
Total:,,,,279,"18,517",,,167,,555,,"16,437",,"26,330",,"62,006",,,,

Congressional District 2
Cochise,,,,49,"3,703",,,43,,140,,"5,163",,"7,332",,"16,381",,,,
Pima,,,,146,"16,373",,,273,,653,,"14,446",,"24,561",,"56,306",,,,
Total:,,,,195,"20,076",,,316,,793,,"19,609",,"31,893",,"72,687",,,,

Congressional District 3
Maricopa,,,,47,"5,848",,,32,,208,,"4,120",,"9,931",,"20,139",,,,
Pima,,,,77,"8,443",,,126,,221,,"3,902",,"9,904",,"22,596",,,,
Pinal,,,,1,13,,,0,,0,,2,,9,,24,,,,
Santa Cruz,,,,24,"1,059",,,3,,15,,363,,"1,093",,"2,533",,,,
Yuma,,,,29,"4,563",,,17,,137,,"3,152",,"6,995",,"14,864",,,,
Total:,,,,178,"19,926",,,178,,581,,"11,539",,"27,932",,"60,156",,,,

Congressional District 4
Gila,,,,17,735,,,9,,34,,"1,784",,"1,579",,"4,141",,,,
La Paz,,,,11,470,,,7,,10,,590,,889,,"1,966",,,,
Maricopa,,,,18,458,,,4,,23,,"1,052",,"1,088",,"2,625",,,,
Mohave,,,,22,"6,699",,,46,,254,,"10,784",,"17,732",,"35,515",,,,
Pinal,,,,41,"2,121",,,16,,131,,"3,285",,"5,789",,"11,342",,,,
Yavapai,,,,38,"3,073",,,64,,221,,"6,633",,"8,531",,"18,522",,,,
Yuma,,,,15,"2,394",,,11,,93,,"4,065",,"5,202",,"11,765",,,,
Total:,,,,162,"15,950",,,157,,766,,"28,193",,"40,810",,"85,876",,,,

Congressional District 5
Maricopa,,,,128,"10,253",,,123,,630,,"19,649",,"22,834",,"53,489",,,,
Total:,,,,128,"10,253",,,123,,630,,"19,649",,"22,834",,"53,489",,,,

Congressional District 6
Maricopa,,,,157,"11,202",,,131,,643,,"16,586",,"22,175",,"50,737",,,,
Total:,,,,157,"11,202",,,131,,643,,"16,586",,"22,175",,"50,737",,,,

Congressional District 7
Maricopa,,,,107,"19,205",,,88,,530,,"6,515",,"24,757",,"51,095",,,,
Total:,,,,107,"19,205",,,88,,530,,"6,515",,"24,757",,"51,095",,,,

Congressional District 8
Maricopa,,,,143,"11,680",,,114,,562,,"17,219",,"25,261",,"54,836",,,,
Total:,,,,143,"11,680",,,114,,562,,"17,219",,"25,261",,"54,836",,,,

Congressional District 9
Maricopa,,,,140,"20,227",,,227,,"1,148",,"15,865",,"32,226",,"69,693",,,,
Total:,,,,140,"20,227",,,227,,"1,148",,"15,865",,"32,226",,"69,693",,,,

Legislative District 1
Maricopa,,,,16,748,,,9,,61,,"1,897",,"2,021",,"4,736",,,,
Yavapai,,,,35,"2,455",,,51,,191,,"5,795",,"6,999",,"15,491",,,,
Total:,,,,51,"3,203",,,60,,252,,"7,692",,"9,020",,"20,227",,,,

Legislative District 2
Pima,,,,33,"3,561",,,31,,101,,"2,669",,"5,000",,"11,362",,,,
Santa Cruz,,,,24,"1,059",,,3,,15,,363,,"1,093",,"2,533",,,,
Total:,,,,57,"4,620",,,34,,116,,"3,032",,"6,093",,"13,895",,,,

Legislative District 3
Pima,,,,41,"6,255",,,135,,182,,"2,877",,"7,169",,"16,618",,,,
Total:,,,,41,"6,255",,,135,,182,,"2,877",,"7,169",,"16,618",,,,

Legislative District 4
Maricopa,,,,18,"1,369",,,9,,54,,"1,499",,"3,012",,"5,943",,,,
Pima,,,,17,714,,,5,,7,,306,,778,,"1,810",,,,
Pinal,,,,1,13,,,0,,0,,2,,9,,24,,,,
Yuma,,,,23,"3,969",,,10,,102,,"2,390",,"5,773",,"12,244",,,,
Total:,,,,59,"6,065",,,24,,163,,"4,197",,"9,572",,"20,021",,,,

Legislative District 5
La Paz,,,,11,470,,,7,,10,,590,,889,,"1,966",,,,
Mohave,,,,22,"6,699",,,46,,254,,"10,784",,"17,732",,"35,515",,,,
Total:,,,,33,"7,169",,,53,,264,,"11,374",,"18,621",,"37,481",,,,

Legislative District 6
Coconino,,,,45,"3,834",,,76,,184,,"2,768",,"6,295",,"13,157",,,,
Gila,,,,18,744,,,9,,35,,"1,799",,"1,591",,"4,178",,,,
Navajo,,,,5,478,,,3,,24,,"1,336",,"1,054",,"2,895",,,,
Yavapai,,,,10,"1,288",,,28,,65,,"1,604",,"2,952",,"5,937",,,,
Total:,,,,78,"6,344",,,116,,308,,"7,507",,"11,892",,"26,167",,,,

Legislative District 7
Apache,,,,44,"2,340",,,6,,24,,963,,"1,595",,"4,928",,,,
Coconino,,,,26,887,,,2,,20,,468,,966,,"2,343",,,,
Gila,,,,3,608,,,1,,4,,78,,428,,"1,119",,,,
Graham,,,,2,318,,,2,,0,,49,,213,,582,,,,
Mohave,,,,2,24,,,0,,0,,14,,49,,87,,,,
Navajo,,,,9,"2,803",,,15,,74,,"2,079",,"2,858",,"7,829",,,,
Pinal,,,,1,0,,,0,,0,,0,,0,,0,,,,
Total:,,,,87,"6,980",,,26,,122,,"3,651",,"6,109",,"16,888",,,,

Legislative District 8
Gila,,,,18,643,,,3,,8,,526,,888,,"2,068",,,,
Pinal,,,,51,"2,972",,,16,,90,,"2,789",,"5,944",,"11,811",,,,
Total:,,,,69,"3,615",,,19,,98,,"3,315",,"6,832",,"13,879",,,,

Legislative District 9
Pima,,,,57,"6,532",,,113,,261,,"5,040",,"9,103",,"21,049",,,,
Total:,,,,57,"6,532",,,113,,261,,"5,040",,"9,103",,"21,049",,,,

Legislative District 10
Pima,,,,49,"6,373",,,99,,246,,"5,377",,"9,608",,"21,703",,,,
Total:,,,,49,"6,373",,,99,,246,,"5,377",,"9,608",,"21,703",,,,

Legislative District 11
Pima,,,,34,"2,176",,,27,,109,,"3,797",,"4,053",,"10,162",,,,
Pinal,,,,27,"1,539",,,12,,56,,"1,688",,"3,020",,"6,315",,,,
Total:,,,,61,"3,715",,,39,,165,,"5,485",,"7,073",,"16,477",,,,

Legislative District 12
Maricopa,,,,37,"3,543",,,47,,261,,"8,173",,"8,899",,"20,923",,,,
Pinal,,,,1,25,,,0,,3,,74,,65,,167,,,,
Total:,,,,38,"3,568",,,47,,264,,"8,247",,"8,964",,"21,090",,,,

Legislative District 13
Maricopa,,,,29,"2,268",,,19,,104,,"3,456",,"4,863",,"10,710",,,,
Yuma,,,,21,"2,988",,,18,,128,,"4,827",,"6,424",,"14,385",,,,
Total:,,,,50,"5,256",,,37,,232,,"8,283",,"11,287",,"25,095",,,,

Legislative District 14
Cochise,,,,49,"3,703",,,43,,140,,"5,163",,"7,332",,"16,381",,,,
Graham,,,,20,532,,,2,,13,,"1,079",,"1,042",,"2,668",,,,
Greenlee,,,,8,128,,,0,,2,,163,,217,,510,,,,
Pima,,,,18,769,,,5,,52,,"1,431",,"1,570",,"3,827",,,,
Total:,,,,95,"5,132",,,50,,207,,"7,836",,"10,161",,"23,386",,,,

Legislative District 15
Maricopa,,,,42,"3,078",,,33,,186,,"5,556",,"6,827",,"15,680",,,,
Total:,,,,42,"3,078",,,33,,186,,"5,556",,"6,827",,"15,680",,,,

Legislative District 16
Maricopa,,,,25,"1,754",,,11,,111,,"3,245",,"3,823",,"8,944",,,,
Pinal,,,,21,"1,000",,,8,,60,,"1,643",,"2,715",,"5,426",,,,
Total:,,,,46,"2,754",,,19,,171,,"4,888",,"6,538",,"14,370",,,,

Legislative District 17
Maricopa,,,,40,"3,659",,,34,,203,,"5,019",,"7,288",,"16,203",,,,
Total:,,,,40,"3,659",,,34,,203,,"5,019",,"7,288",,"16,203",,,,

Legislative District 18
Maricopa,,,,41,"5,765",,,51,,315,,"5,573",,"9,519",,"21,223",,,,
Total:,,,,41,"5,765",,,51,,315,,"5,573",,"9,519",,"21,223",,,,

Legislative District 19
Maricopa,,,,29,"5,942",,,30,,185,,"2,651",,"8,780",,"17,588",,,,
Total:,,,,29,"5,942",,,30,,185,,"2,651",,"8,780",,"17,588",,,,

Legislative District 20
Maricopa,,,,47,"3,737",,,47,,209,,"3,944",,"7,211",,"15,148",,,,
Total:,,,,47,"3,737",,,47,,209,,"3,944",,"7,211",,"15,148",,,,

Legislative District 21
Maricopa,,,,42,"3,804",,,32,,166,,"4,618",,"7,236",,"15,856",,,,
Total:,,,,42,"3,804",,,32,,166,,"4,618",,"7,236",,"15,856",,,,

Legislative District 22
Maricopa,,,,48,"3,069",,,31,,145,,"5,946",,"7,518",,"16,709",,,,
Total:,,,,48,"3,069",,,31,,145,,"5,946",,"7,518",,"16,709",,,,

Legislative District 23
Maricopa,,,,57,"2,906",,,42,,188,,"5,777",,"6,184",,"15,097",,,,
Total:,,,,57,"2,906",,,42,,188,,"5,777",,"6,184",,"15,097",,,,

Legislative District 24
Maricopa,,,,40,"7,309",,,69,,302,,"3,522",,"9,442",,"20,644",,,,
Total:,,,,40,"7,309",,,69,,302,,"3,522",,"9,442",,"20,644",,,,

Legislative District 25
Maricopa,,,,42,"2,826",,,53,,150,,"4,627",,"5,621",,"13,277",,,,
Total:,,,,42,"2,826",,,53,,150,,"4,627",,"5,621",,"13,277",,,,

Legislative District 26
Maricopa,,,,34,"7,237",,,94,,450,,"4,689",,"12,016",,"24,486",,,,
Total:,,,,34,"7,237",,,94,,450,,"4,689",,"12,016",,"24,486",,,,

Legislative District 27
Maricopa,,,,37,"6,512",,,26,,146,,"2,102",,"8,095",,"16,881",,,,
Total:,,,,37,"6,512",,,26,,146,,"2,102",,"8,095",,"16,881",,,,

Legislative District 28
Maricopa,,,,57,"4,124",,,37,,231,,"4,599",,"6,777",,"15,768",,,,
Total:,,,,57,"4,124",,,37,,231,,"4,599",,"6,777",,"15,768",,,,

Legislative District 29
Maricopa,,,,33,"4,570",,,22,,146,,"2,065",,"6,429",,"13,232",,,,
Total:,,,,33,"4,570",,,22,,146,,"2,065",,"6,429",,"13,232",,,,

Legislative District 30
Maricopa,,,,29,"4,679",,,23,,132,,"2,058",,"6,746",,"13,638",,,,
Total:,,,,29,"4,679",,,23,,132,,"2,058",,"6,746",,"13,638",,,,

State Total:,,,,1489,"146,798",,,"1,495",,"6,205",,"151,547",,"253,731",,"559,776",,,,
