State Legislative District,Office,Party,Candidate,Votes
House 3,Governor,DEM,Tom Wolf,2266
House 3,Governor,GRN,Paul Glover,25
House 3,Governor,LIB,Ken Krawchuk,43
House 3,Governor,REP,Scott R. Wagner,1400
House 4,Governor,DEM,Tom Wolf,2940
House 4,Governor,GRN,Paul Glover,53
House 4,Governor,LIB,Ken Krawchuk,80
House 4,Governor,REP,Scott R. Wagner,3889
House 6,Governor,,Write-ins,10
House 6,Governor,DEM,TOM WOLF/JOHN FETTERMAN,7705
House 6,Governor,DEM,Tom Wolf,318
House 6,Governor,GRN,PAUL GLOVER/JOCOLYN BOWER-BOSTICK,135
House 6,Governor,GRN,Paul Glover,6
House 6,Governor,LIB,KEN V. KRAWCHUK/K. S. SMITH,216
House 6,Governor,LIB,Ken Krawchuk,6
House 6,Governor,REP,SCOTT R. WAGNER/JEFF BARTOS,9838
House 6,Governor,REP,Scott R. Wagner,402
House 7,Governor,,Write-ins,12
House 7,Governor,DEM,WOLF / FETTERMAN,11490
House 7,Governor,GRN,GLOVER / BOWSER-BOSTICK,147
House 7,Governor,LIB,KRAWCHUK / SMITH,173
House 7,Governor,REP,WAGNER / BARTOS,9470
House 8,Governor,,Write-ins,7
House 8,Governor,DEM,WOLF / FETTERMAN,4386
House 8,Governor,GRN,GLOVER / BOWSER-BOSTICK,84
House 8,Governor,LIB,KRAWCHUK / SMITH,173
House 8,Governor,REP,WAGNER / BARTOS,8348
House 13,Governor,,Write-ins,0
House 13,Governor,DEM,TOM WOLF,426
House 13,Governor,GRN,PAUL GLOVER,3
House 13,Governor,LIB,KEN V KRAWCHUK,6
House 13,Governor,REP,SCOTT R WAGNER,402
House 15,Governor,,Write-ins,8
House 15,Governor,DEM,Tom Wolf,3180
House 15,Governor,GRN,Paul Glover,74
House 15,Governor,LIB,Ken V. Krawchuk,121
House 15,Governor,REP,Scott R. Wagner,5548
House 17,Governor,,Write-ins,9
House 17,Governor,DEM,TOM WOLF/JOHN FETTERMAN,2890
House 17,Governor,DEM,WOLF / FETTERMAN,2324
House 17,Governor,GRN,GLOVER / BOWSER-BOSTICK,45
House 17,Governor,GRN,PAUL GLOVER/JOCOLYN BOWER-BOSTICK,47
House 17,Governor,LIB,KEN V. KRAWCHUK/K. S. SMITH,81
House 17,Governor,LIB,KRAWCHUK / SMITH,67
House 17,Governor,REP,SCOTT R. WAGNER/JEFF BARTOS,5032
House 17,Governor,REP,WAGNER / BARTOS,4393
House 18,Governor,Democratic,Wolf, Tom,14108
House 18,Governor,Green,Glover, Paul,99
House 18,Governor,Libertarian,Krawchuk, Ken V.,179
House 18,Governor,Republican,Wagner, Scott R.,8405
House 19,Governor,,WRITE-IN,6
House 19,Governor,Dem,Tom Wolf,3461
House 19,Governor,Grn,Paul Glover,29
House 19,Governor,Lib,Ken V. Krawchuk,37
House 19,Governor,Rep,Scott R. Wagner,783
House 20,Governor,,WRITE-IN,36
House 20,Governor,Dem,Tom Wolf,28044
House 20,Governor,Grn,Paul Glover,184
House 20,Governor,Lib,Ken V. Krawchuk,438
House 20,Governor,Rep,Scott R. Wagner,10713
House 21,Governor,,WRITE-IN,32
House 21,Governor,Dem,Tom Wolf,14495
House 21,Governor,Grn,Paul Glover,99
House 21,Governor,Lib,Ken V. Krawchuk,277
House 21,Governor,Rep,Scott R. Wagner,8696
House 22,Governor,Dem,Wolf / Fetterman,21066
House 22,Governor,GRN,Glover / Bowser-Bos,214
House 22,Governor,Lib,Krawchuk/ Smith,303
House 22,Governor,Rep,Wagner/ Bartos,6512
House 23,Governor,,WRITE-IN,0
House 23,Governor,Dem,Tom Wolf,215
House 23,Governor,Grn,Paul Glover,1
House 23,Governor,Lib,Ken V. Krawchuk,3
House 23,Governor,Rep,Scott R. Wagner,67
House 24,Governor,,WRITE-IN,15
House 24,Governor,Dem,Tom Wolf,16720
House 24,Governor,Grn,Paul Glover,119
House 24,Governor,Lib,Ken V. Krawchuk,138
House 24,Governor,Rep,Scott R. Wagner,1757
House 26,Governor,,Write-ins,6
House 26,Governor,DEM,TOM WOLF,7549
House 26,Governor,DEM,TOM WOLF/JOHN FETTERMAN,1741
House 26,Governor,GRN,PAUL GLOVER,69
House 26,Governor,GRN,PAUL GLOVER/J. BOWSER-BOSTICK,11
House 26,Governor,LIB,KEN V KRAWCHUK,185
House 26,Governor,LIB,KEN V. KRAWCHUK/K.S. SMITH,32
House 26,Governor,REP,SCOTT R WAGNER,7118
House 26,Governor,REP,SCOTT R. WAGNER/JEFF BARTOS,427
House 27,Governor,,WRITE-IN,24
House 27,Governor,Dem,Tom Wolf,15766
House 27,Governor,Grn,Paul Glover,108
House 27,Governor,Lib,Ken V. Krawchuk,175
House 27,Governor,Rep,Scott R. Wagner,4495
House 28,Governor,,WRITE-IN,32
House 28,Governor,Dem,Tom Wolf,12985
House 28,Governor,Grn,Paul Glover,72
House 28,Governor,Lib,Ken V. Krawchuk,307
House 28,Governor,Rep,Scott R. Wagner,10339
House 29,Governor,Democratic,Wolf, Tom,19638
House 29,Governor,Green,Glover, Paul,149
House 29,Governor,Libertarian,Krawchuk, Ken V.,266
House 29,Governor,Republican,Wagner, Scott R.,14523
House 30,Governor,,WRITE-IN,6
House 30,Governor,Dem,Tom Wolf,7456
House 30,Governor,Grn,Paul Glover,58
House 30,Governor,Lib,Ken V. Krawchuk,145
House 30,Governor,Rep,Scott R. Wagner,4101
House 31,Governor,Democratic,Wolf, Tom,21226
House 31,Governor,Green,Glover, Paul,152
House 31,Governor,Libertarian,Krawchuk, Ken V.,266
House 31,Governor,Republican,Wagner, Scott R.,12086
House 32,Governor,,WRITE-IN,3
House 32,Governor,Dem,Tom Wolf,1865
House 32,Governor,Grn,Paul Glover,8
House 32,Governor,Lib,Ken V. Krawchuk,30
House 32,Governor,Rep,Scott R. Wagner,1354
House 33,Governor,,WRITE-IN,10
House 33,Governor,Dem,Tom Wolf,8549
House 33,Governor,Grn,Paul Glover,75
House 33,Governor,Lib,Ken V. Krawchuk,177
House 33,Governor,Rep,Scott R. Wagner,6552
House 34,Governor,,WRITE-IN,7
House 34,Governor,Dem,Tom Wolf,5529
House 34,Governor,Grn,Paul Glover,38
House 34,Governor,Lib,Ken V. Krawchuk,103
House 34,Governor,Rep,Scott R. Wagner,3651
House 35,Governor,,WRITE-IN,9
House 35,Governor,Dem,Tom Wolf,2038
House 35,Governor,Grn,Paul Glover,10
House 35,Governor,Lib,Ken V. Krawchuk,24
House 35,Governor,Rep,Scott R. Wagner,1440
House 36,Governor,,WRITE-IN,7
House 36,Governor,Dem,Tom Wolf,4254
House 36,Governor,Grn,Paul Glover,28
House 36,Governor,Lib,Ken V. Krawchuk,89
House 36,Governor,Rep,Scott R. Wagner,2678
House 37,Governor,,Write-ins,23
House 37,Governor,DEM,Tom Wolf,5591
House 37,Governor,GRN,Paul Glover,70
House 37,Governor,LIB,Ken V. Krawchuk,254
House 37,Governor,REP,Scott R. Wagner,10141
House 38,Governor,,WRITE-IN,6
House 38,Governor,Dem,Tom Wolf,3262
House 38,Governor,Grn,Paul Glover,23
House 38,Governor,Lib,Ken V. Krawchuk,51
House 38,Governor,Rep,Scott R. Wagner,2226
House 39,Governor,,WRITE-IN,1
House 39,Governor,,Write-ins,5
House 39,Governor,DEM,Tom Wolf,2300
House 39,Governor,Dem,Tom Wolf,716
House 39,Governor,GRN,Paul Glover,36
House 39,Governor,Grn,Paul Glover,5
House 39,Governor,LIB,Ken V. Krawchuk,85
House 39,Governor,Lib,Ken V. Krawchuk,19
House 39,Governor,REP,Scott R. Wagner,2843
House 39,Governor,Rep,Scott R. Wagner,438
House 41,Governor,,Write-ins,9
House 41,Governor,DEM,Tom Wolf,7015
House 41,Governor,GRN,Paul Glover,64
House 41,Governor,LIB,Ken V. Krawchuk,178
House 41,Governor,REP,Scott R. Wagner,5993
House 42,Governor,,WRITE-IN,13
House 42,Governor,Dem,Tom Wolf,15664
House 42,Governor,Grn,Paul Glover,96
House 42,Governor,Lib,Ken V. Krawchuk,207
House 42,Governor,Rep,Scott R. Wagner,5486
House 43,Governor,,Write-ins,4
House 43,Governor,DEM,Tom Wolf,1783
House 43,Governor,GRN,Paul Glover,18
House 43,Governor,LIB,Ken V. Krawchuk,52
House 43,Governor,REP,Scott R. Wagner,2200
House 44,Governor,,WRITE-IN,6
House 44,Governor,Dem,Tom Wolf,2451
House 44,Governor,Grn,Paul Glover,19
House 44,Governor,Lib,Ken V. Krawchuk,44
House 44,Governor,Rep,Scott R. Wagner,1204
House 45,Governor,,WRITE-IN,5
House 45,Governor,Dem,Tom Wolf,5288
House 45,Governor,Grn,Paul Glover,57
House 45,Governor,Lib,Ken V. Krawchuk,80
House 45,Governor,Rep,Scott R. Wagner,2455
House 46,Governor,,WRITE-IN,0
House 46,Governor,,Write-ins,11
House 46,Governor,DEM,Tom Wolf,6769
House 46,Governor,Dem,Tom Wolf,345
House 46,Governor,GRN,Paul Glover,95
House 46,Governor,Grn,Paul Glover,4
House 46,Governor,LIB,Ken V. Krawchuk,248
House 46,Governor,Lib,Ken V. Krawchuk,5
House 46,Governor,REP,Scott R. Wagner,6811
House 46,Governor,Rep,Scott R. Wagner,166
House 47,Governor,,Write-In,24
House 47,Governor,Dem,Tom WOLF,11253
House 47,Governor,Grn,Paul GLOVER,86
House 47,Governor,LIB,Ken V. KRAWCHUK,281
House 47,Governor,Rep,Scott R. WAGNER,10710
House 48,Governor,,Write-ins,19
House 48,Governor,DEM,Tom Wolf,13043
House 48,Governor,GRN,Paul Glover,168
House 48,Governor,LIB,Ken V. Krawchuk,398
House 48,Governor,REP,Scott R. Wagner,10860
House 49,Governor,,Write-ins,20
House 49,Governor,DEM,Tom Wolf,10776
House 49,Governor,GRN,Paul Glover,157
House 49,Governor,LIB,Ken V. Krawchuk,311
House 49,Governor,REP,Scott R. Wagner,9471
House 50,Governor,,Write-ins,2
House 50,Governor,DEM,Tom Wolf,9551
House 50,Governor,GRN,Paul Glover,155
House 50,Governor,LIB,Ken V. Krawchuk,170
House 50,Governor,REP,Scott R. Wagner,2661
House 50,Governor,REP,Scott Wagner,6381
House 51,Governor,,Write-ins,19
House 51,Governor,DEM,Tom Wolf,8878
House 51,Governor,GRN,Paul Glover,140
House 51,Governor,LIB,Ken V. Krawchuk,177
House 51,Governor,REP,Scott R. Wagner,10261
House 52,Governor,,Write-ins,10
House 52,Governor,DEM,Tom Wolf,7336
House 52,Governor,GRN,Paul Glover,102
House 52,Governor,LIB,Ken V. Krawchuk,176
House 52,Governor,REP,Scott R. Wagner,8809
House 53,Governor,,Write-ins,5
House 53,Governor,DEM,TOM WOLF/JOHN FETTERMAN,14885
House 53,Governor,GRN,PAUL GLOVER/J. BOWSER-BOSTICK,164
House 53,Governor,LIB,KEN V. KRAWCHUK/K.S. SMITH,260
House 53,Governor,REP,SCOTT R. WAGNER/JEFF BARTOS,9978
House 54,Governor,,WRITE-IN,3
House 54,Governor,Dem,Tom Wolf,3608
House 54,Governor,Grn,Paul Glover,14
House 54,Governor,Lib,Ken V. Krawchuk,58
House 54,Governor,Rep,Scott R. Wagner,3168
House 59,Governor,DEM,Tom Wolf,1879
House 59,Governor,GRN,Paul Glover,34
House 59,Governor,LIB,Ken V. Krawchuk,79
House 59,Governor,REP,Scott R. Wagner,3453
House 61,Governor,,Write-ins,1
House 61,Governor,DEM,TOM WOLF/JOHN FETTERMAN,1721
House 61,Governor,GRN,PAUL GLOVER/J. BOWSER-BOSTICK,12
House 61,Governor,LIB,KEN V. KRAWCHUK/K.S. SMITH,26
House 61,Governor,REP,SCOTT R. WAGNER/JEFF BARTOS,835
House 65,Governor,,Write-ins,4
House 65,Governor,DEM,TOM WOLF/JOHN FETTERMAN,1736
House 65,Governor,DEM,Tom Wolf,387
House 65,Governor,GRN,PAUL GLOVER/JOCOLYN BOWER-BOSTICK,30
House 65,Governor,GRN,Paul Glover,8
House 65,Governor,LIB,KEN V. KRAWCHUK/K. S. SMITH,46
House 65,Governor,LIB,Ken V. Krawchuk,15
House 65,Governor,REP,SCOTT R. WAGNER/JEFF BARTOS,3277
House 65,Governor,REP,Scott R. Wagner,840
House 69,Governor,DEM,Tom Wolf,5946
House 69,Governor,GRN,Paul Glover,133
House 69,Governor,LIB,Ken V. Krawchuk,235
House 69,Governor,REP,Scott R. Wagner,12719
House 71,Governor,DEM,Tom Wolf,138
House 71,Governor,GRN,Paul Glover,1
House 71,Governor,LIB,Ken V. Krawchuk,6
House 71,Governor,REP,Scott R. Wagner,188
House 74,Governor,,Write-ins,2
House 74,Governor,DEM,TOM WOLF,5689
House 74,Governor,GRN,PAUL GLOVER,50
House 74,Governor,LIB,KEN V KRAWCHUK,83
House 74,Governor,REP,SCOTT R WAGNER,3624
House 75,Governor,,Write-ins,6
House 75,Governor,DEM,TOM WOLF,3698
House 75,Governor,GRN,PAUL GLOVER,73
House 75,Governor,LIB,KEN V KRAWCHUK,105
House 75,Governor,REP,SCOTT R WAGNER,7661
House 78,Governor,,Write - In,4
House 78,Governor,,Write In,5
House 78,Governor,DEM,Wolf / Fetterman,1137
House 78,Governor,DEM,Wolf/Fetterman,886
House 78,Governor,GRN,Glover / Bostick,20
House 78,Governor,GRN,Glover/Bowser-Bostick,15
House 78,Governor,LIB,Krawchuk / Smith,34
House 78,Governor,LIB,Krawchuk/Smith,37
House 78,Governor,REP,Wagner / Bartos,3352
House 78,Governor,REP,Wagner/Bartos,3605
House 79,Governor,,BARACK OBAMA (W),1
House 79,Governor,,CATHERINE RABOLD\ (W),1
House 79,Governor,,DONOVAN C JENKINS (W),1
House 79,Governor,,DR JOHN D DIAMOND (W),1
House 79,Governor,,ERIC SHOCK (W),1
House 79,Governor,,JOHN DIAMOND (W),1
House 79,Governor,,KURT ANGLE (W),1
House 79,Governor,,LAURA ELLSWORTH (W),2
House 79,Governor,,Over Votes,0
House 79,Governor,,PATRICK J FANELLI (W),1
House 79,Governor,,PAUL MANGO (W),1
House 79,Governor,,REP RON MILLER (W),1
House 79,Governor,,ROBERT BYERS (W),1
House 79,Governor,,TOM SMITH (W),1
House 79,Governor,,TOM WOLF JOCOLYN BOWSERBI (W),1
House 79,Governor,,Under Votes,226
House 79,Governor,DEM,TOM WOLF,7678
House 79,Governor,GRE,PAUL GLOVER,97
House 79,Governor,LIB,KEN V KRAWCHUK,241
House 79,Governor,REP,SCOTT R WAGNER,11413
House 80,Governor,,CHRISTIAN GREEN (W),1
House 80,Governor,,DONALD J TRUMP (W),2
House 80,Governor,,GERRY LOWE (W),1
House 80,Governor,,JERRY STERN (W),5
House 80,Governor,,JOE MANGO (W),1
House 80,Governor,,JOHN HIRT (W),1
House 80,Governor,,JOHN SWOPE (W),2
House 80,Governor,,JUDY WARD (W),1
House 80,Governor,,LAURA ELLSWORTH (W),1
House 80,Governor,,MICHAEL FAY (W),1
House 80,Governor,,MIKE HORTON (W),1
House 80,Governor,,Over Votes,0
House 80,Governor,,PATRICK KIELTY (W),1
House 80,Governor,,PAUL MANGO (W),1
House 80,Governor,,SAM ROHRER (W),1
House 80,Governor,,Under Votes,275
House 80,Governor,DEM,TOM WOLF,6947
House 80,Governor,GRE,PAUL GLOVER,120
House 80,Governor,LIB,KEN V KRAWCHUK,268
House 80,Governor,REP,SCOTT R WAGNER,16763
House 81,Governor,,Write In,5
House 81,Governor,,Write-ins,0
House 81,Governor,DEM,Tom Wolf, Governor,209
House 81,Governor,DEM,Wolf/Fetterman,4420
House 81,Governor,GRN,Glover/Bowser-Bostick,89
House 81,Governor,GRN,Paul Glover, Governor,5
House 81,Governor,LIB,Ken V Krawchuk, Governor,0
House 81,Governor,LIB,Krawchuk/Smith,156
House 81,Governor,REP,Scott R Wagner, Governor,705
House 81,Governor,REP,Wagner/Bartos,8492
House 82,Governor,,Over Votes,11
House 82,Governor,,Under Votes,74
House 82,Governor,,Write - In,4
House 82,Governor,,Write In,12
House 82,Governor,,Write-ins,8
House 82,Governor,DEM,Tom Wolf,2543
House 82,Governor,DEM,Tom Wolf, Governor,2833
House 82,Governor,DEM,Wolf / Fetterman,763
House 82,Governor,GRN,Glover / Bostick,24
House 82,Governor,GRN,Paul Glover,62
House 82,Governor,GRN,Paul Glover, Governor,51
House 82,Governor,LIB,Ken V Krawchuk,101
House 82,Governor,LIB,Ken V Krawchuk, Governor,92
House 82,Governor,LIB,Krawchuk / Smith,16
House 82,Governor,REP,Scott R Wagner,5772
House 82,Governor,REP,Scott R Wagner, Governor,5669
House 82,Governor,REP,Wagner / Bartos,2496
House 89,Governor,,Write - In,0
House 89,Governor,DEM,Wolf / Fetterman,34
House 89,Governor,GRN,Glover / Bostick,0
House 89,Governor,LIB,Krawchuk / Smith,6
House 89,Governor,REP,Wagner / Bartos,121
House 90,Governor,,Write - In,0
House 90,Governor,DEM,Wolf / Fetterman,560
House 90,Governor,GRN,Glover / Bostick,6
House 90,Governor,LIB,Krawchuk / Smith,18
House 90,Governor,REP,Wagner / Bartos,1041
House 92,Governor,,Write-In,7
House 92,Governor,Dem,Tom WOLF,2524
House 92,Governor,Grn,Paul GLOVER,31
House 92,Governor,LIB,Ken V. KRAWCHUK,91
House 92,Governor,Rep,Scott R. WAGNER,3817
House 93,Governor,,Write-In,33
House 93,Governor,Dem,Tom WOLF,14815
House 93,Governor,Grn,Paul GLOVER,182
House 93,Governor,LIB,Ken V. KRAWCHUK,363
House 93,Governor,Rep,Scott R. WAGNER,16190
House 94,Governor,,Write-In,25
House 94,Governor,Dem,Tom WOLF,9708
House 94,Governor,Grn,Paul GLOVER,141
House 94,Governor,LIB,Ken V. KRAWCHUK,302
House 94,Governor,Rep,Scott R. WAGNER,13500
House 95,Governor,,Write-In,18
House 95,Governor,Dem,Tom WOLF,9079
House 95,Governor,Grn,Paul GLOVER,84
House 95,Governor,LIB,Ken V. KRAWCHUK,186
House 95,Governor,Rep,Scott R. WAGNER,5676
House 97,Governor,,Write-ins,13
House 97,Governor,DEM,Tom Wolf,6957
House 97,Governor,GRN,Paul Glover,76
House 97,Governor,LIB,Ken V. Krawchuk,228
House 97,Governor,REP,Scott R. Wagner,7436
House 98,Governor,,Write In,0
House 98,Governor,,Write-ins,8
House 98,Governor,DEM,Tom WOLF,749
House 98,Governor,DEM,Tom Wolf,6403
House 98,Governor,GRN,Paul GLOVER,17
House 98,Governor,GRN,Paul Glover,104
House 98,Governor,LIB,Ken V. KRAWCHUK,31
House 98,Governor,LIB,Ken V. Krawchuk,245
House 98,Governor,REP,Scott R. WAGNER,1307
House 98,Governor,REP,Scott R. Wagner,6720
House 99,Governor,,Write-ins,9
House 99,Governor,DEM,Tom Wolf,5229
House 99,Governor,GRN,Paul Glover,81
House 99,Governor,LIB,Ken V. Krawchuk,228
House 99,Governor,REP,Scott R. Wagner,8709
House 101,Governor,,Write-ins,31
House 101,Governor,DEM,WOLF / FETTERMAN,11455
House 101,Governor,GRN,GLOVER / BOWSER-BOSTICK,111
House 101,Governor,LIB,KRAWCHUK / SMITH,311
House 101,Governor,REP,WAGNER / BARTOS,12265
House 102,Governor,,Write-ins,18
House 102,Governor,DEM,WOLF / FETTERMAN,8177
House 102,Governor,GRN,GLOVER / BOWSER-BOSTICK,129
House 102,Governor,LIB,KRAWCHUK / SMITH,247
House 102,Governor,REP,WAGNER / BARTOS,14265
House 103,Governor,,Write In,1
House 103,Governor,DEM,Tom WOLF,1008
House 103,Governor,GRN,Paul GLOVER,13
House 103,Governor,LIB,Ken V. KRAWCHUK,27
House 103,Governor,REP,Scott R. WAGNER,520
House 104,Governor,,Write In,1
House 104,Governor,,Write-ins,3
House 104,Governor,DEM,Tom WOLF,808
House 104,Governor,DEM,WOLF / FETTERMAN,527
House 104,Governor,GRN,GLOVER / BOWSER-BOSTICK,15
House 104,Governor,GRN,Paul GLOVER,13
House 104,Governor,LIB,KRAWCHUK / SMITH,40
House 104,Governor,LIB,Ken V. KRAWCHUK,10
House 104,Governor,REP,Scott R. WAGNER,234
House 104,Governor,REP,WAGNER / BARTOS,1566
House 106,Governor,,Write In,8
House 106,Governor,DEM,Tom WOLF,10124
House 106,Governor,GRN,Paul GLOVER,114
House 106,Governor,LIB,Ken V. KRAWCHUK,246
House 106,Governor,REP,Scott R. WAGNER,7465
House 110,Governor,,Denny Wolfe (W),1
House 110,Governor,,Denny Wolff (W),0
House 110,Governor,,Jeff Bartos-Gov Kathleen S Smith- LT Gov (W),1
House 110,Governor,,Laura Ellsworth (W),0
House 110,Governor,,Mickey Mouse (W),0
House 110,Governor,,Paul Mango (W),0
House 110,Governor,,Robert Feigrnley (W),0
House 110,Governor,,Tom Mango (W),0
House 110,Governor,,We The People (W),0
House 110,Governor,,Write In Votes,0
House 110,Governor,DEM,Tom Wolf John Fetterman,986
House 110,Governor,GRN,Paul Glover Jocolyn Bowser-Bostick,27
House 110,Governor,LIB,Ken V. Krawchuk Kathleen S. Smith,42
House 110,Governor,REP,Scott R. Wagner Jeff Bartos,2128
House 111,Governor,,Denny Wolfe (W),0
House 111,Governor,,Denny Wolff (W),1
House 111,Governor,,Jeff Bartos-Gov Kathleen S Smith- LT Gov (W),0
House 111,Governor,,Laura Ellsworth (W),1
House 111,Governor,,Mickey Mouse (W),1
House 111,Governor,,Paul Mango (W),2
House 111,Governor,,Robert Feigrnley (W),1
House 111,Governor,,Tom Mango (W),1
House 111,Governor,,We The People (W),1
House 111,Governor,,Write In Votes,0
House 111,Governor,DEM,Tom Wolf,4218
House 111,Governor,DEM,Tom Wolf John Fetterman,4287
House 111,Governor,GRN,Paul Glover,67
House 111,Governor,GRN,Paul Glover Jocolyn Bowser-Bostick,105
House 111,Governor,LIB,Ken V. Krawchuk,89
House 111,Governor,LIB,Ken V. Krawchuk Kathleen S. Smith,135
House 111,Governor,REP,Scott R. Wagner,5854
House 111,Governor,REP,Scott R. Wagner Jeff Bartos,8109
House 112,Governor,,Write-ins,17
House 112,Governor,DEM,Wolf / Fetterman,22780
House 112,Governor,GRN,Glover / Bowser-Bostick,186
House 112,Governor,LIB,Krawchuk / Smith,244
House 112,Governor,REP,Wagner / Bartos,10186
House 113,Governor,,Write-ins,11
House 113,Governor,DEM,Wolf / Fetterman,12757
House 113,Governor,GRN,Glover / Bowser-Bostick,85
House 113,Governor,LIB,Krawchuk / Smith,135
House 113,Governor,REP,Wagner / Bartos,5403
House 114,Governor,,Write-ins,12
House 114,Governor,DEM,Wolf / Fetterman,13140
House 114,Governor,GRN,Glover / Bowser-Bostick,113
House 114,Governor,LIB,Krawchuk / Smith,160
House 114,Governor,REP,Wagner / Bartos,7971
House 115,Governor,DEM,Tom Wolf,12760
House 115,Governor,GRN,Paul Glover,134
House 115,Governor,LIB,Ken Krawchuk,145
House 115,Governor,REP,Scott R. Wagner,6194
House 116,Governor,,WRITE-IN,7
House 116,Governor,DEM,WOLF / FETTERMAN,5178
House 116,Governor,GRN,GLOVER / BOWSER-BOSTICK,51
House 116,Governor,LIB,KRAWCHUK / SMITH,55
House 116,Governor,REP,WAGNER / BARTOS,5740
House 117,Governor,,WRITE-IN,14
House 117,Governor,,Write-ins,7
House 117,Governor,DEM,Tom Wolf,4101
House 117,Governor,DEM,WOLF / FETTERMAN,4789
House 117,Governor,GRE,Paul Glover,104
House 117,Governor,GRN,GLOVER / BOWSER-BOSTICK,70
House 117,Governor,LIB,KRAWCHUK / SMITH,102
House 117,Governor,LIB,Ken V. Krawchuk,100
House 117,Governor,REP,Scott Wagner,6344
House 117,Governor,REP,WAGNER / BARTOS,6299
House 118,Governor,,WRITE-IN,10
House 118,Governor,,Write-ins,4
House 118,Governor,DEM,WOLF / FETTERMAN,9596
House 118,Governor,DEM,Wolf / Fetterman,3027
House 118,Governor,GRN,GLOVER / BOWSER-BOSTICK,77
House 118,Governor,GRN,Glover / Bowser-Bostick,30
House 118,Governor,LIB,KRAWCHUK / SMITH,127
House 118,Governor,LIB,Krawchuk / Smith,32
House 118,Governor,REP,WAGNER / BARTOS,6919
House 118,Governor,REP,Wagner / Bartos,2654
House 119,Governor,,WRITE-IN,13
House 119,Governor,DEM,WOLF / FETTERMAN,9017
House 119,Governor,GRN,GLOVER / BOWSER-BOSTICK,104
House 119,Governor,LIB,KRAWCHUK / SMITH,140
House 119,Governor,REP,WAGNER / BARTOS,8444
House 120,Governor,,WRITE-IN,9
House 120,Governor,DEM,WOLF / FETTERMAN,12214
House 120,Governor,GRN,GLOVER / BOWSER-BOSTICK,113
House 120,Governor,LIB,KRAWCHUK / SMITH,177
House 120,Governor,REP,WAGNER / BARTOS,9679
House 121,Governor,,WRITE-IN,6
House 121,Governor,DEM,WOLF / FETTERMAN,10211
House 121,Governor,GRN,GLOVER / BOWSER-BOSTICK,111
House 121,Governor,LIB,KRAWCHUK / SMITH,144
House 121,Governor,REP,WAGNER / BARTOS,6475
House 122,Governor,,Write-In Votes,21
House 122,Governor,DEM,Tom Wolf,9074
House 122,Governor,GRN,Glover/BowserBos,129
House 122,Governor,LIB,Krawchuk/Smith,242
House 122,Governor,REP,Wagner/Bartos,11943
House 124,Governor,,Write-In Votes,0
House 124,Governor,DEM,Tom Wolf,585
House 124,Governor,GRN,Glover/BowserBos,9
House 124,Governor,LIB,Krawchuk/Smith,25
House 124,Governor,REP,Wagner/Bartos,533
House 125,Governor,,Write In,0
House 125,Governor,DEM,Tom WOLF,192
House 125,Governor,GRN,Paul GLOVER,5
House 125,Governor,LIB,Ken V. KRAWCHUK,4
House 125,Governor,REP,Scott R. WAGNER,139
House 128,Governor,,Write-ins,1
House 128,Governor,DEM,Tom Wolf,628
House 128,Governor,GRN,Paul Glover,7
House 128,Governor,LIB,Ken V. Krawchuk,30
House 128,Governor,REP,Scott R. Wagner,1714
House 129,Governor,DEM,Tom Wolf,317
House 129,Governor,GRN,Paul Glover,6
House 129,Governor,LIB,Ken V. Krawchuk,12
House 129,Governor,REP,Scott R. Wagner,418
House 130,Governor,,Write-ins,9
House 130,Governor,DEM,Tom Wolf,7622
House 130,Governor,GRN,Paul Glover,97
House 130,Governor,LIB,Ken V. Krawchuk,211
House 130,Governor,REP,Scott R. Wagner,8779
House 131,Governor,,Write-Ins,1
House 131,Governor,,Write-ins,1
House 131,Governor,DEM,TOM WOLF/JOHN FETTERMAN,1653
House 131,Governor,Dem,Wolf / Fetterman,10045
House 131,Governor,Dem,Wolf/Fetterman,2196
House 131,Governor,GRE,Glover/Bostick,8
House 131,Governor,GRN,Glover / Bowser-Bos,106
House 131,Governor,GRN,PAUL GLOVER/J. BOWSER-BOSTICK,17
House 131,Governor,LIB,KEN V. KRAWCHUK/K.S. SMITH,37
House 131,Governor,LIB,Krawchuk/Smith,35
House 131,Governor,Lib,Krawchuk/ Smith,218
House 131,Governor,REP,SCOTT R. WAGNER/JEFF BARTOS,1328
House 131,Governor,Rep,Wagner/ Bartos,8477
House 131,Governor,Rep,Wagner/Bartos,1720
House 133,Governor,Dem,Wolf / Fetterman,15126
House 133,Governor,GRN,Glover / Bowser-Bos,179
House 133,Governor,Lib,Krawchuk/ Smith,345
House 133,Governor,Rep,Wagner/ Bartos,8705
House 134,Governor,,Write-ins,2
House 134,Governor,DEM,Tom Wolf,2082
House 134,Governor,Dem,Wolf / Fetterman,12745
House 134,Governor,GRN,Glover / Bowser-Bos,132
House 134,Governor,GRN,Paul Glover,25
House 134,Governor,LIB,Ken V. Krawchuk,51
House 134,Governor,Lib,Krawchuk/ Smith,243
House 134,Governor,REP,Scott R. Wagner,2641
House 134,Governor,Rep,Wagner/ Bartos,9561
House 135,Governor,,Write-Ins,3
House 135,Governor,Dem,Wolf/Fetterman,15389
House 135,Governor,GRE,Glover/Bostick,162
House 135,Governor,LIB,Krawchuk/Smith,222
House 135,Governor,Rep,Wagner/Bartos,6165
House 136,Governor,,Write-Ins,5
House 136,Governor,Dem,Wolf/Fetterman,14418
House 136,Governor,GRE,Glover/Bostick,149
House 136,Governor,LIB,Krawchuk/Smith,251
House 136,Governor,Rep,Wagner/Bartos,8553
House 137,Governor,,Write-Ins,5
House 137,Governor,Dem,Wolf/Fetterman,13576
House 137,Governor,GRE,Glover/Bostick,122
House 137,Governor,LIB,Krawchuk/Smith,257
House 137,Governor,Rep,Wagner/Bartos,11785
House 138,Governor,,Write-Ins,1
House 138,Governor,Dem,Wolf/Fetterman,14742
House 138,Governor,GRE,Glover/Bostick,121
House 138,Governor,LIB,Krawchuk/Smith,325
House 138,Governor,Rep,Wagner/Bartos,13443
House 139,Governor,DEM,Tom Wolf,10083
House 139,Governor,GRN,Paul Glover,166
House 139,Governor,LIB,Ken Krawchuk,140
House 139,Governor,LIB,Ken V. Krawchuk,89
House 139,Governor,REP,Scott R. Wagner,14597
House 140,Governor,Democratic,Wolf, Tom,24285
House 140,Governor,Green,Glover, Paul,232
House 140,Governor,Libertarian,Krawchuk, Ken V.,340
House 140,Governor,Republican,Wagner, Scott R.,12381
House 141,Governor,Democratic,Wolf, Tom,3383
House 141,Governor,Green,Glover, Paul,35
House 141,Governor,Libertarian,Krawchuk, Ken V.,51
House 141,Governor,Republican,Wagner, Scott R.,1665
House 142,Governor,Democratic,Wolf, Tom,22348
House 142,Governor,Green,Glover, Paul,168
House 142,Governor,Libertarian,Krawchuk, Ken V.,334
House 142,Governor,Republican,Wagner, Scott R.,15725
House 143,Governor,Democratic,Wolf, Tom,17114
House 143,Governor,Green,Glover, Paul,183
House 143,Governor,Libertarian,Krawchuk, Ken V.,303
House 143,Governor,Republican,Wagner, Scott R.,12558
House 144,Governor,Democratic,Wolf, Tom,16972
House 144,Governor,Green,Glover, Paul,173
House 144,Governor,Libertarian,Krawchuk, Ken V.,289
House 144,Governor,Republican,Wagner, Scott R.,13004
House 145,Governor,Democratic,Wolf, Tom,11401
House 145,Governor,Green,Glover, Paul,159
House 145,Governor,Libertarian,Krawchuk, Ken V.,256
House 145,Governor,Republican,Wagner, Scott R.,10243
House 146,Governor,,Write-ins,2
House 146,Governor,DEM,TOM WOLF/JOHN FETTERMAN,12937
House 146,Governor,GRN,PAUL GLOVER/J. BOWSER-BOSTICK,129
House 146,Governor,LIB,KEN V. KRAWCHUK/K.S. SMITH,229
House 146,Governor,REP,SCOTT R. WAGNER/JEFF BARTOS,8433
House 147,Governor,,Write-ins,2
House 147,Governor,DEM,TOM WOLF/JOHN FETTERMAN,5423
House 147,Governor,GRN,PAUL GLOVER/J. BOWSER-BOSTICK,64
House 147,Governor,LIB,KEN V. KRAWCHUK/K.S. SMITH,152
House 147,Governor,REP,SCOTT R. WAGNER/JEFF BARTOS,5212
House 148,Governor,,Write-ins,0
House 148,Governor,DEM,TOM WOLF/JOHN FETTERMAN,2145
House 148,Governor,GRN,PAUL GLOVER/J. BOWSER-BOSTICK,21
House 148,Governor,LIB,KEN V. KRAWCHUK/K.S. SMITH,30
House 148,Governor,REP,SCOTT R. WAGNER/JEFF BARTOS,630
House 150,Governor,,Write-ins,3
House 150,Governor,DEM,TOM WOLF/JOHN FETTERMAN,8243
House 150,Governor,GRN,PAUL GLOVER/J. BOWSER-BOSTICK,75
House 150,Governor,LIB,KEN V. KRAWCHUK/K.S. SMITH,121
House 150,Governor,REP,SCOTT R. WAGNER/JEFF BARTOS,4753
House 151,Governor,,Write-ins,2
House 151,Governor,DEM,TOM WOLF/JOHN FETTERMAN,7529
House 151,Governor,GRN,PAUL GLOVER/J. BOWSER-BOSTICK,66
House 151,Governor,LIB,KEN V. KRAWCHUK/K.S. SMITH,97
House 151,Governor,REP,SCOTT R. WAGNER/JEFF BARTOS,4572
House 152,Governor,,Write-ins,3
House 152,Governor,DEM,TOM WOLF/JOHN FETTERMAN,4644
House 152,Governor,GRN,PAUL GLOVER/J. BOWSER-BOSTICK,44
House 152,Governor,LIB,KEN V. KRAWCHUK/K.S. SMITH,70
House 152,Governor,REP,SCOTT R. WAGNER/JEFF BARTOS,2737
House 153,Governor,,Write-ins,7
House 153,Governor,DEM,TOM WOLF/JOHN FETTERMAN,21197
House 153,Governor,GRN,PAUL GLOVER/J. BOWSER-BOSTICK,129
House 153,Governor,LIB,KEN V. KRAWCHUK/K.S. SMITH,264
House 153,Governor,REP,SCOTT R. WAGNER/JEFF BARTOS,7303
House 154,Governor,,Write-ins,8
House 154,Governor,DEM,TOM WOLF/JOHN FETTERMAN,18619
House 154,Governor,GRN,PAUL GLOVER/J. BOWSER-BOSTICK,107
House 154,Governor,LIB,KEN V. KRAWCHUK/K.S. SMITH,104
House 154,Governor,REP,SCOTT R. WAGNER/JEFF BARTOS,2487
House 155,Governor,,Write-ins,17
House 155,Governor,DEM,TOM WOLF,20932
House 155,Governor,GRN,PAUL GLOVER,218
House 155,Governor,LIB,KEN V KRAWCHUK,400
House 155,Governor,REP,SCOTT R WAGNER,13467
House 159,Governor,,Write In,0
House 159,Governor,Democrat,Tom WOLF,4846
House 159,Governor,Green,Paul GLOVER,32
House 159,Governor,Libertarian,Ken V. KRAWCHUK,76
House 159,Governor,Republican,Scott R. WAGNER,3462
House 161,Governor,,Write In,10
House 161,Governor,Democrat,Tom WOLF,9636
House 161,Governor,Green,Paul GLOVER,84
House 161,Governor,Libertarian,Ken V. KRAWCHUK,152
House 161,Governor,Republican,Scott R. WAGNER,7574
House 162,Governor,,Write In,6
House 162,Governor,Democrat,Tom WOLF,27926
House 162,Governor,Green,Paul GLOVER,166
House 162,Governor,Libertarian,Ken V. KRAWCHUK,308
House 162,Governor,Republican,Scott R. WAGNER,14220
House 163,Governor,,Write In,22
House 163,Governor,Democrat,Tom WOLF,35230
House 163,Governor,Green,Paul GLOVER,248
House 163,Governor,Libertarian,Ken V. KRAWCHUK,304
House 163,Governor,Republican,Scott R. WAGNER,14331
House 164,Governor,,Write In,10
House 164,Governor,Democrat,Tom WOLF,27888
House 164,Governor,Green,Paul GLOVER,192
House 164,Governor,Libertarian,Ken V. KRAWCHUK,214
House 164,Governor,Republican,Scott R. WAGNER,6816
House 165,Governor,,Write In,8
House 165,Governor,Democrat,Tom WOLF,30610
House 165,Governor,Green,Paul GLOVER,214
House 165,Governor,Libertarian,Ken V. KRAWCHUK,342
House 165,Governor,Republican,Scott R. WAGNER,23482
House 166,Governor,,Write In,0
House 166,Governor,Democrat,Tom WOLF,1058
House 166,Governor,Green,Paul GLOVER,12
House 166,Governor,Libertarian,Ken V. KRAWCHUK,20
House 166,Governor,Republican,Scott R. WAGNER,802
House 167,Governor,,Write-ins,4
House 167,Governor,DEM,TOM WOLF,7457
House 167,Governor,GRN,PAUL GLOVER,47
House 167,Governor,LIB,KEN V KRAWCHUK,105
House 167,Governor,REP,SCOTT R WAGNER,4776
House 168,Governor,,Write In,10
House 168,Governor,Democrat,Tom WOLF,21854
House 168,Governor,Green,Paul GLOVER,210
House 168,Governor,Libertarian,Ken V. KRAWCHUK,320
House 168,Governor,Republican,Scott R. WAGNER,12976
House 169,Governor,,Write-In,11
House 169,Governor,Dem,Tom WOLF,4013
House 169,Governor,Grn,Paul GLOVER,58
House 169,Governor,LIB,Ken V. KRAWCHUK,159
House 169,Governor,Rep,Scott R. WAGNER,6837
House 171,Governor,,Write-ins,1
House 171,Governor,DEM,Tom Wolf, Governor,810
House 171,Governor,GRN,Paul Glover, Governor,19
House 171,Governor,LIB,Ken V Krawchuk, Governor,28
House 171,Governor,REP,Scott R Wagner, Governor,2402
House 172,Governor,,Write-ins,0
House 172,Governor,DEM,TOM WOLF/JOHN FETTERMAN,725
House 172,Governor,GRN,PAUL GLOVER/J. BOWSER-BOSTICK,3
House 172,Governor,LIB,KEN V. KRAWCHUK/K.S. SMITH,9
House 172,Governor,REP,SCOTT R. WAGNER/JEFF BARTOS,420
House 176,Governor,DEM,Tom Wolf,11028
House 176,Governor,GRN,Paul Glover,130
House 176,Governor,LIB,Ken Krawchuk,206
House 176,Governor,REP,Scott R. Wagner,10017
House 178,Governor,Democratic,Wolf, Tom,18312
House 178,Governor,Green,Glover, Paul,112
House 178,Governor,Libertarian,Krawchuk, Ken V.,250
House 178,Governor,Republican,Wagner, Scott R.,14308
House 183,Governor,,Write-Ins,1
House 183,Governor,Dem,Wolf / Fetterman,1649
House 183,Governor,Dem,Wolf/Fetterman,5428
House 183,Governor,GRE,Glover/Bostick,73
House 183,Governor,GRN,Glover / Bowser-Bos,24
House 183,Governor,LIB,Krawchuk/Smith,121
House 183,Governor,Lib,Krawchuk/ Smith,47
House 183,Governor,Rep,Wagner/ Bartos,2036
House 183,Governor,Rep,Wagner/Bartos,5861
House 185,Governor,,Write In,2
House 185,Governor,Democrat,Tom WOLF,5856
House 185,Governor,Green,Paul GLOVER,18
House 185,Governor,Libertarian,Ken V. KRAWCHUK,38
House 185,Governor,Republican,Scott R. WAGNER,912
House 187,Governor,Dem,Wolf / Fetterman,16617
House 187,Governor,GRN,Glover / Bowser-Bos,147
House 187,Governor,Lib,Krawchuk/ Smith,329
House 187,Governor,Rep,Wagner/ Bartos,13780
House 189,Governor,DEM,Tom Wolf,11072
House 189,Governor,GRN,Paul Glover,133
House 189,Governor,LIB,Ken Krawchuk,174
House 189,Governor,REP,Scott R. Wagner,9027
House 191,Governor,,Write In,4
House 191,Governor,Democrat,Tom WOLF,13374
House 191,Governor,Green,Paul GLOVER,30
House 191,Governor,Libertarian,Ken V. KRAWCHUK,30
House 191,Governor,Republican,Scott R. WAGNER,746
House 196,Governor,,Write-In,13
House 196,Governor,Dem,Tom WOLF,5512
House 196,Governor,Grn,Paul GLOVER,63
House 196,Governor,LIB,Ken V. KRAWCHUK,160
House 196,Governor,Rep,Scott R. WAGNER,7437
Senate 2,Governor,,Write In,19
Senate 2,Governor,DEM,TOM WOLF,57317
Senate 2,Governor,GRN,PAUL GLOVER,365
Senate 2,Governor,LIB,KEN V. KRAWCHUK,322
Senate 2,Governor,REP,SCOTT R. WAGNER,11952
Senate 4,Governor,,Write In,4
Senate 4,Governor,,Write-ins,15
Senate 4,Governor,DEM,TOM WOLF,63747
Senate 4,Governor,DEM,TOM WOLF/JOHN FETTERMAN,40541
Senate 4,Governor,GRN,PAUL GLOVER,261
Senate 4,Governor,GRN,PAUL GLOVER/J. BOWSER-BOSTICK,239
Senate 4,Governor,LIB,KEN V. KRAWCHUK,143
Senate 4,Governor,LIB,KEN V. KRAWCHUK/K.S. SMITH,377
Senate 4,Governor,REP,SCOTT R. WAGNER,1570
Senate 4,Governor,REP,SCOTT R. WAGNER/JEFF BARTOS,10210
Senate 6,Governor,Democratic,Wolf, Tom,65174
Senate 6,Governor,Green,Glover, Paul,518
Senate 6,Governor,Libertarian,Krawchuk, Ken V.,929
Senate 6,Governor,Republican,Wagner, Scott R.,42291
Senate 8,Governor,,Write In,26
Senate 8,Governor,DEM,TOM WOLF,63438
Senate 8,Governor,Democrat,Tom WOLF,45692
Senate 8,Governor,GRN,PAUL GLOVER,388
Senate 8,Governor,Green,Paul GLOVER,198
Senate 8,Governor,LIB,KEN V. KRAWCHUK,231
Senate 8,Governor,Libertarian,Ken V. KRAWCHUK,280
Senate 8,Governor,REP,SCOTT R. WAGNER,2392
Senate 8,Governor,Republican,Scott R. WAGNER,9350
Senate 10,Governor,Democratic,Wolf, Tom,76343
Senate 10,Governor,Green,Glover, Paul,676
Senate 10,Governor,Libertarian,Krawchuk, Ken V.,1148
Senate 10,Governor,Republican,Wagner, Scott R.,50466
Senate 12,Governor,,Write-ins,10
Senate 12,Governor,DEM,TOM WOLF/JOHN FETTERMAN,26269
Senate 12,Governor,Democratic,Wolf, Tom,19554
Senate 12,Governor,GRN,PAUL GLOVER/J. BOWSER-BOSTICK,245
Senate 12,Governor,Green,Glover, Paul,156
Senate 12,Governor,LIB,KEN V. KRAWCHUK/K.S. SMITH,405
Senate 12,Governor,Libertarian,Krawchuk, Ken V.,264
Senate 12,Governor,REP,SCOTT R. WAGNER/JEFF BARTOS,16871
Senate 12,Governor,Republican,Wagner, Scott R.,14441
Senate 14,Governor,,WRITE-IN,30
Senate 14,Governor,,Write-In Votes,42
Senate 14,Governor,DEM,Tom Wolf,19318
Senate 14,Governor,DEM,WOLF / FETTERMAN,33248
Senate 14,Governor,GRN,GLOVER / BOWSER-BOSTICK,347
Senate 14,Governor,GRN,Glover/BowserBos,278
Senate 14,Governor,LIB,KRAWCHUK / SMITH,442
Senate 14,Governor,LIB,Krawchuk/Smith,534
Senate 14,Governor,REP,WAGNER / BARTOS,25494
Senate 14,Governor,REP,Wagner/Bartos,24952
Senate 16,Governor,Dem,Wolf / Fetterman,56878
Senate 16,Governor,GRN,Glover / Bowser-Bos,560
Senate 16,Governor,Lib,Krawchuk/ Smith,1027
Senate 16,Governor,Rep,Wagner/ Bartos,37169
Senate 18,Governor,,Write-Ins,10
Senate 18,Governor,Dem,Wolf / Fetterman,20370
Senate 18,Governor,Dem,Wolf/Fetterman,40205
Senate 18,Governor,GRE,Glover/Bostick,409
Senate 18,Governor,GRN,Glover / Bowser-Bos,242
Senate 18,Governor,LIB,Krawchuk/Smith,645
Senate 18,Governor,Lib,Krawchuk/ Smith,458
Senate 18,Governor,Rep,Wagner/ Bartos,11902
Senate 18,Governor,Rep,Wagner/Bartos,22261
Senate 20,Governor,,Denny Wolfe (W),1
Senate 20,Governor,,Denny Wolff (W),1
Senate 20,Governor,,Jeff Bartos-Gov Kathleen S Smith- LT Gov (W),1
Senate 20,Governor,,Laura Ellsworth (W),1
Senate 20,Governor,,Mickey Mouse (W),1
Senate 20,Governor,,Paul Mango (W),2
Senate 20,Governor,,Robert Feigrnley (W),1
Senate 20,Governor,,Tom Mango (W),1
Senate 20,Governor,,WRITE-IN,24
Senate 20,Governor,,We The People (W),1
Senate 20,Governor,,Write In Votes,0
Senate 20,Governor,,Write-ins,7
Senate 20,Governor,DEM,Tom Wolf,21198
Senate 20,Governor,DEM,Tom Wolf John Fetterman,5273
Senate 20,Governor,DEM,WOLF / FETTERMAN,15088
Senate 20,Governor,GRE,Paul Glover,104
Senate 20,Governor,GRN,GLOVER / BOWSER-BOSTICK,167
Senate 20,Governor,GRN,Paul Glover,268
Senate 20,Governor,GRN,Paul Glover Jocolyn Bowser-Bostick,132
Senate 20,Governor,LIB,KRAWCHUK / SMITH,276
Senate 20,Governor,LIB,Ken Krawchuk,184
Senate 20,Governor,LIB,Ken V. Krawchuk,278
Senate 20,Governor,LIB,Ken V. Krawchuk Kathleen S. Smith,177
Senate 20,Governor,REP,Scott R. Wagner,23159
Senate 20,Governor,REP,Scott R. Wagner Jeff Bartos,10237
Senate 20,Governor,REP,Scott Wagner,6344
Senate 20,Governor,REP,WAGNER / BARTOS,16370
Senate 22,Governor,,WRITE-IN,6
Senate 22,Governor,,Write-ins,49
Senate 22,Governor,DEM,Tom Wolf,5128
Senate 22,Governor,DEM,WOLF / FETTERMAN,3337
Senate 22,Governor,DEM,Wolf / Fetterman,54237
Senate 22,Governor,GRN,GLOVER / BOWSER-BOSTICK,14
Senate 22,Governor,GRN,Glover / Bowser-Bostick,436
Senate 22,Governor,GRN,Paul Glover,54
Senate 22,Governor,LIB,KRAWCHUK / SMITH,33
Senate 22,Governor,LIB,Ken Krawchuk,49
Senate 22,Governor,LIB,Krawchuk / Smith,624
Senate 22,Governor,REP,Scott R. Wagner,2827
Senate 22,Governor,REP,WAGNER / BARTOS,2177
Senate 22,Governor,REP,Wagner / Bartos,28616
Senate 24,Governor,,Write-ins,9
Senate 24,Governor,DEM,TOM WOLF/JOHN FETTERMAN,17404
Senate 24,Governor,DEM,Tom Wolf,5814
Senate 24,Governor,Democratic,Wolf, Tom,11231
Senate 24,Governor,GRN,PAUL GLOVER/J. BOWSER-BOSTICK,202
Senate 24,Governor,GRN,Paul Glover,81
Senate 24,Governor,Green,Glover, Paul,163
Senate 24,Governor,LIB,KEN V. KRAWCHUK/K.S. SMITH,362
Senate 24,Governor,LIB,Ken V. Krawchuk,154
Senate 24,Governor,Libertarian,Krawchuk, Ken V.,261
Senate 24,Governor,REP,SCOTT R. WAGNER/JEFF BARTOS,11082
Senate 24,Governor,REP,Scott R. Wagner,7173
Senate 24,Governor,Republican,Wagner, Scott R.,10714
Senate 25,Governor,,Write-ins,3
Senate 25,Governor,DEM,TOM WOLF,2544
Senate 25,Governor,GRN,PAUL GLOVER,46
Senate 25,Governor,LIB,KEN V KRAWCHUK,57
Senate 25,Governor,REP,SCOTT R WAGNER,4650
Senate 26,Governor,,Write In,56
Senate 26,Governor,,Write-ins,4
Senate 26,Governor,DEM,TOM WOLF,7457
Senate 26,Governor,Democrat,Tom WOLF,132586
Senate 26,Governor,GRN,PAUL GLOVER,47
Senate 26,Governor,Green,Paul GLOVER,1008
Senate 26,Governor,LIB,KEN V KRAWCHUK,105
Senate 26,Governor,Libertarian,Ken V. KRAWCHUK,1524
Senate 26,Governor,REP,SCOTT R WAGNER,4776
Senate 26,Governor,Republican,Scott R. WAGNER,75971
Senate 28,Governor,,Write-In,107
Senate 28,Governor,Dem,Tom WOLF,45423
Senate 28,Governor,Grn,Paul GLOVER,541
Senate 28,Governor,LIB,Ken V. KRAWCHUK,1245
Senate 28,Governor,Rep,Scott R. WAGNER,52829
Senate 30,Governor,,BARACK OBAMA (W),1
Senate 30,Governor,,CATHERINE RABOLD\ (W),1
Senate 30,Governor,,CHRISTIAN GREEN (W),1
Senate 30,Governor,,DONALD J TRUMP (W),2
Senate 30,Governor,,DONOVAN C JENKINS (W),1
Senate 30,Governor,,DR JOHN D DIAMOND (W),1
Senate 30,Governor,,ERIC SHOCK (W),1
Senate 30,Governor,,GERRY LOWE (W),1
Senate 30,Governor,,JERRY STERN (W),5
Senate 30,Governor,,JOE MANGO (W),1
Senate 30,Governor,,JOHN DIAMOND (W),1
Senate 30,Governor,,JOHN HIRT (W),1
Senate 30,Governor,,JOHN SWOPE (W),2
Senate 30,Governor,,JUDY WARD (W),1
Senate 30,Governor,,KURT ANGLE (W),1
Senate 30,Governor,,LAURA ELLSWORTH (W),3
Senate 30,Governor,,MICHAEL FAY (W),1
Senate 30,Governor,,MIKE HORTON (W),1
Senate 30,Governor,,Over Votes,0
Senate 30,Governor,,PATRICK J FANELLI (W),1
Senate 30,Governor,,PATRICK KIELTY (W),1
Senate 30,Governor,,PAUL MANGO (W),2
Senate 30,Governor,,REP RON MILLER (W),1
Senate 30,Governor,,ROBERT BYERS (W),1
Senate 30,Governor,,SAM ROHRER (W),1
Senate 30,Governor,,TOM SMITH (W),1
Senate 30,Governor,,TOM WOLF JOCOLYN BOWSERBI (W),1
Senate 30,Governor,,Under Votes,501
Senate 30,Governor,,Write - In,9
Senate 30,Governor,,Write In,11
Senate 30,Governor,DEM,TOM WOLF,14625
Senate 30,Governor,DEM,Wolf / Fetterman,3855
Senate 30,Governor,DEM,Wolf/Fetterman,6074
Senate 30,Governor,GRE,PAUL GLOVER,217
Senate 30,Governor,GRN,Glover / Bostick,83
Senate 30,Governor,GRN,Glover/Bowser-Bostick,119
Senate 30,Governor,LIB,KEN V KRAWCHUK,509
Senate 30,Governor,LIB,Krawchuk / Smith,125
Senate 30,Governor,LIB,Krawchuk/Smith,216
Senate 30,Governor,REP,SCOTT R WAGNER,28176
Senate 30,Governor,REP,Wagner / Bartos,11572
Senate 30,Governor,REP,Wagner/Bartos,14788
Senate 32,Governor,,Write-ins,33
Senate 32,Governor,DEM,Tom Wolf,28929
Senate 32,Governor,GRN,Paul Glover,467
Senate 32,Governor,LIB,Ken V. Krawchuk,750
Senate 32,Governor,REP,Scott R. Wagner,39491
Senate 34,Governor,,Over Votes,11
Senate 34,Governor,,Under Votes,74
Senate 34,Governor,,WRITE-IN,37
Senate 34,Governor,,Write In,12
Senate 34,Governor,,Write-ins,10
Senate 34,Governor,DEM,Tom Wolf,2543
Senate 34,Governor,DEM,Tom Wolf, Governor,4404
Senate 34,Governor,DEMOCRATIC,TOM WOLF,34961
Senate 34,Governor,GREEN,PAUL GLOVER,515
Senate 34,Governor,GRN,Paul Glover,62
Senate 34,Governor,GRN,Paul Glover, Governor,85
Senate 34,Governor,LIB,Ken V Krawchuk,101
Senate 34,Governor,LIB,Ken V Krawchuk, Governor,138
Senate 34,Governor,LIBERTARIAN,KEN V KRAWCHUK,849
Senate 34,Governor,REP,Scott R Wagner,5772
Senate 34,Governor,REP,Scott R Wagner, Governor,9758
Senate 34,Governor,REPUBLICAN,SCOTT R WAGNER,24353
Senate 35,Governor,,Write-ins,3
Senate 35,Governor,DEM,TOM WOLF,824
Senate 35,Governor,GRN,PAUL GLOVER,21
Senate 35,Governor,LIB,KEN V KRAWCHUK,37
Senate 35,Governor,REP,SCOTT R WAGNER,2105
Senate 36,Governor,,Write-ins,94
Senate 36,Governor,DEM,Tom Wolf,44576
Senate 36,Governor,GRN,Paul Glover,562
Senate 36,Governor,LIB,Ken V. Krawchuk,1585
Senate 36,Governor,REP,Scott R. Wagner,58648
Senate 38,Governor,,WRITE-IN,129
Senate 38,Governor,Dem,Tom Wolf,74721
Senate 38,Governor,Grn,Paul Glover,493
Senate 38,Governor,Lib,Ken V. Krawchuk,1400
Senate 38,Governor,Rep,Scott R. Wagner,48172
Senate 40,Governor,,Write-Ins,6
Senate 40,Governor,DEM,Tom Wolf,26936
Senate 40,Governor,Dem,Wolf/Fetterman,25544
Senate 40,Governor,GRE,Glover/Bostick,226
Senate 40,Governor,GRN,Paul Glover,308
Senate 40,Governor,LIB,Ken Krawchuk,432
Senate 40,Governor,LIB,Krawchuk/Smith,566
Senate 40,Governor,REP,Scott R. Wagner,19703
Senate 40,Governor,Rep,Wagner/Bartos,25266
Senate 42,Governor,,WRITE-IN,95
Senate 42,Governor,Dem,Tom Wolf,79807
Senate 42,Governor,Grn,Paul Glover,564
Senate 42,Governor,Lib,Ken V. Krawchuk,1034
Senate 42,Governor,Rep,Scott R. Wagner,24463
Senate 44,Governor,,Write-ins,36
Senate 44,Governor,DEM,TOM WOLF,35028
Senate 44,Governor,DEM,TOM WOLF/JOHN FETTERMAN,17248
Senate 44,Governor,DEM,Tom Wolf,3890
Senate 44,Governor,GRN,PAUL GLOVER,348
Senate 44,Governor,GRN,PAUL GLOVER/J. BOWSER-BOSTICK,156
Senate 44,Governor,GRN,Paul Glover,41
Senate 44,Governor,LIB,KEN V KRAWCHUK,686
Senate 44,Governor,LIB,KEN V. KRAWCHUK/K.S. SMITH,287
Senate 44,Governor,LIB,Ken V. Krawchuk,108
Senate 44,Governor,REP,SCOTT R WAGNER,25129
Senate 44,Governor,REP,SCOTT R. WAGNER/JEFF BARTOS,10952
Senate 44,Governor,REP,Scott R. Wagner,4247
Senate 46,Governor,,Write-ins,61
Senate 46,Governor,DEM,Tom Wolf,40937
Senate 46,Governor,GRN,Paul Glover,631
Senate 46,Governor,LIB,Ken V. Krawchuk,1256
Senate 46,Governor,REP,Scott R. Wagner,34214
Senate 46,Governor,REP,Scott Wagner,6381
Senate 48,Governor,,Write In,10
Senate 48,Governor,,Write-In,25
Senate 48,Governor,,Write-ins,52
Senate 48,Governor,DEM,Tom WOLF,13133
Senate 48,Governor,DEM,WOLF / FETTERMAN,20159
Senate 48,Governor,Dem,Tom WOLF,11927
Senate 48,Governor,GRN,GLOVER / BOWSER-BOSTICK,255
Senate 48,Governor,GRN,Paul GLOVER,164
Senate 48,Governor,Grn,Paul GLOVER,106
Senate 48,Governor,LIB,KRAWCHUK / SMITH,598
Senate 48,Governor,LIB,Ken V. KRAWCHUK,636
Senate 48,Governor,REP,Scott R. WAGNER,9725
Senate 48,Governor,REP,WAGNER / BARTOS,28096
Senate 48,Governor,Rep,Scott R. WAGNER,11675
Senate 50,Governor,,Write-ins,42
Senate 50,Governor,DEM,TOM WOLF/JOHN FETTERMAN,12331
Senate 50,Governor,DEM,Tom Wolf,6250
Senate 50,Governor,DEM,WOLF / FETTERMAN,18200
Senate 50,Governor,GRN,GLOVER / BOWSER-BOSTICK,276
Senate 50,Governor,GRN,PAUL GLOVER/JOCOLYN BOWER-BOSTICK,212
Senate 50,Governor,GRN,Paul Glover,96
Senate 50,Governor,LIB,KEN V. KRAWCHUK/K. S. SMITH,343
Senate 50,Governor,LIB,KRAWCHUK / SMITH,413
Senate 50,Governor,LIB,Ken Krawchuk,143
Senate 50,Governor,LIB,Ken V. Krawchuk,15
Senate 50,Governor,REP,SCOTT R. WAGNER/JEFF BARTOS,18147
Senate 50,Governor,REP,Scott R. Wagner,6946
Senate 50,Governor,REP,WAGNER / BARTOS,22211
House 3,U.S. Senate,DEM,Bob Casey Jr.,2133
House 3,U.S. Senate,GRN,Neal Gale,23
House 3,U.S. Senate,LIB,Dale R. Kerns Jr.,59
House 3,U.S. Senate,REP,Lou Barletta,1479
House 4,U.S. Senate,DEM,Bob Casey Jr.,2919
House 4,U.S. Senate,GRN,Neal Gale,36
House 4,U.S. Senate,LIB,Dale R. Kerns Jr.,64
House 4,U.S. Senate,REP,Lou Barletta,3878
House 6,U.S. Senate,,Write-ins,4
House 6,U.S. Senate,DEM,BOB CASEY JR,7192
House 6,U.S. Senate,DEM,Bob Casey Jr.,312
House 6,U.S. Senate,GRN,NEAL GALE,124
House 6,U.S. Senate,GRN,Neal Gale,5
House 6,U.S. Senate,LIB,DALE KERNS JR,208
House 6,U.S. Senate,LIB,Dale R. Kerns Jr.,6
House 6,U.S. Senate,REP,LOU BARLETTA,9586
House 6,U.S. Senate,REP,Lou Barletta,399
House 7,U.S. Senate,,Write-ins,6
House 7,U.S. Senate,DEM,BOB CASEY JR.,11519
House 7,U.S. Senate,GRN,NEAL GALE,109
House 7,U.S. Senate,LIB,DALE R. KERNS JR.,204
House 7,U.S. Senate,REP,LOU BARLETTA,9445
House 8,U.S. Senate,,Write-ins,7
House 8,U.S. Senate,DEM,BOB CASEY JR.,4294
House 8,U.S. Senate,GRN,NEAL GALE,83
House 8,U.S. Senate,LIB,DALE R. KERNS JR.,160
House 8,U.S. Senate,REP,LOU BARLETTA,8462
House 13,U.S. Senate,,Write-ins,0
House 13,U.S. Senate,DEM,BOB CASEY JR,416
House 13,U.S. Senate,GRN,NEAL GALE,5
House 13,U.S. Senate,LIB,DALE R KERNS JR,8
House 13,U.S. Senate,REP,LOU BARLETTA,410
House 15,U.S. Senate,,Write-ins,2
House 15,U.S. Senate,DEM,Bob Casey Jr.,3198
House 15,U.S. Senate,GRN,Neal Gale,45
House 15,U.S. Senate,LIB,Dale R. Kerns Jr.,85
House 15,U.S. Senate,REP,Lou Barletta,5577
House 17,U.S. Senate,,Write-ins,3
House 17,U.S. Senate,DEM,BOB CASEY JR,2850
House 17,U.S. Senate,DEM,BOB CASEY JR.,2323
House 17,U.S. Senate,GRN,NEAL GALE,86
House 17,U.S. Senate,LIB,DALE KERNS JR,66
House 17,U.S. Senate,LIB,DALE R. KERNS JR.,75
House 17,U.S. Senate,REP,LOU BARLETTA,9364
House 18,U.S. Senate,Democratic,Casey, Jr., Bob,13583
House 18,U.S. Senate,Green,Gale, Neal,154
House 18,U.S. Senate,Libertarian,Kerns, Jr., Dale R.,181
House 18,U.S. Senate,Republican,Barletta, Lou,8816
House 19,U.S. Senate,,WRITE-IN,6
House 19,U.S. Senate,Dem,Bob Casey, Jr.,3440
House 19,U.S. Senate,Grn,Neal Gale,32
House 19,U.S. Senate,Lib,Dale R. Kerns, Jr.,49
House 19,U.S. Senate,Rep,Lou Barletta,791
House 20,U.S. Senate,,WRITE-IN,34
House 20,U.S. Senate,Dem,Bob Casey, Jr.,27509
House 20,U.S. Senate,Grn,Neal Gale,258
House 20,U.S. Senate,Lib,Dale R. Kerns, Jr.,511
House 20,U.S. Senate,Rep,Lou Barletta,11137
House 21,U.S. Senate,,WRITE-IN,28
House 21,U.S. Senate,Dem,Bob Casey, Jr.,14070
House 21,U.S. Senate,Grn,Neal Gale,143
House 21,U.S. Senate,Lib,Dale R. Kerns, Jr.,327
House 21,U.S. Senate,Rep,Lou Barletta,9039
House 22,U.S. Senate,Dem,Bob Casey Jr,20570
House 22,U.S. Senate,GRN,Neal Gale,218
House 22,U.S. Senate,Lib,Dale R Kerns Jr,273
House 22,U.S. Senate,Rep,Lou Barletta,6979
House 23,U.S. Senate,,WRITE-IN,0
House 23,U.S. Senate,Dem,Bob Casey, Jr.,210
House 23,U.S. Senate,Grn,Neal Gale,0
House 23,U.S. Senate,Lib,Dale R. Kerns, Jr.,8
House 23,U.S. Senate,Rep,Lou Barletta,67
House 24,U.S. Senate,,WRITE-IN,19
House 24,U.S. Senate,Dem,Bob Casey, Jr.,16598
House 24,U.S. Senate,Grn,Neal Gale,149
House 24,U.S. Senate,Lib,Dale R. Kerns, Jr.,170
House 24,U.S. Senate,Rep,Lou Barletta,1818
House 26,U.S. Senate,,Write-ins,4
House 26,U.S. Senate,DEM,BOB CASEY JR,8894
House 26,U.S. Senate,GRN,NEAL GALE,135
House 26,U.S. Senate,LIB,DALE R KERNS JR,211
House 26,U.S. Senate,REP,LOU BARLETTA,7844
House 27,U.S. Senate,,WRITE-IN,15
House 27,U.S. Senate,Dem,Bob Casey, Jr.,15542
House 27,U.S. Senate,Grn,Neal Gale,145
House 27,U.S. Senate,Lib,Dale R. Kerns, Jr.,217
House 27,U.S. Senate,Rep,Lou Barletta,4667
House 28,U.S. Senate,,WRITE-IN,9
House 28,U.S. Senate,Dem,Bob Casey, Jr.,12539
House 28,U.S. Senate,Grn,Neal Gale,90
House 28,U.S. Senate,Lib,Dale R. Kerns, Jr.,293
House 28,U.S. Senate,Rep,Lou Barletta,10834
House 29,U.S. Senate,Democratic,Casey, Jr., Bob,18763
House 29,U.S. Senate,Green,Gale, Neal,176
House 29,U.S. Senate,Libertarian,Kerns, Jr., Dale R.,280
House 29,U.S. Senate,Republican,Barletta, Lou,15376
House 30,U.S. Senate,,WRITE-IN,14
House 30,U.S. Senate,Dem,Bob Casey, Jr.,7289
House 30,U.S. Senate,Grn,Neal Gale,73
House 30,U.S. Senate,Lib,Dale R. Kerns, Jr.,150
House 30,U.S. Senate,Rep,Lou Barletta,4257
House 31,U.S. Senate,Democratic,Casey, Jr., Bob,20531
House 31,U.S. Senate,Green,Gale, Neal,205
House 31,U.S. Senate,Libertarian,Kerns, Jr., Dale R.,275
House 31,U.S. Senate,Republican,Barletta, Lou,12757
House 32,U.S. Senate,,WRITE-IN,1
House 32,U.S. Senate,Dem,Bob Casey, Jr.,1773
House 32,U.S. Senate,Grn,Neal Gale,16
House 32,U.S. Senate,Lib,Dale R. Kerns, Jr.,33
House 32,U.S. Senate,Rep,Lou Barletta,1439
House 33,U.S. Senate,,WRITE-IN,9
House 33,U.S. Senate,Dem,Bob Casey, Jr.,8302
House 33,U.S. Senate,Grn,Neal Gale,99
House 33,U.S. Senate,Lib,Dale R. Kerns, Jr.,206
House 33,U.S. Senate,Rep,Lou Barletta,6746
House 34,U.S. Senate,,WRITE-IN,7
House 34,U.S. Senate,Dem,Bob Casey, Jr.,5355
House 34,U.S. Senate,Grn,Neal Gale,54
House 34,U.S. Senate,Lib,Dale R. Kerns, Jr.,124
House 34,U.S. Senate,Rep,Lou Barletta,3795
House 35,U.S. Senate,,WRITE-IN,2
House 35,U.S. Senate,Dem,Bob Casey, Jr.,1975
House 35,U.S. Senate,Grn,Neal Gale,12
House 35,U.S. Senate,Lib,Dale R. Kerns, Jr.,34
House 35,U.S. Senate,Rep,Lou Barletta,1518
House 36,U.S. Senate,,WRITE-IN,7
House 36,U.S. Senate,Dem,Bob Casey, Jr.,4150
House 36,U.S. Senate,Grn,Neal Gale,35
House 36,U.S. Senate,Lib,Dale R. Kerns, Jr.,106
House 36,U.S. Senate,Rep,Lou Barletta,2777
House 37,U.S. Senate,,Write-ins,4
House 37,U.S. Senate,DEM,Bob Casey Jr.,5137
House 37,U.S. Senate,GRN,Neal Gale,101
House 37,U.S. Senate,LIB,Dale R. Kerns Jr.,211
House 37,U.S. Senate,REP,Lou Barletta,10643
House 38,U.S. Senate,,WRITE-IN,3
House 38,U.S. Senate,Dem,Bob Casey, Jr.,3185
House 38,U.S. Senate,Grn,Neal Gale,28
House 38,U.S. Senate,Lib,Dale R. Kerns, Jr.,54
House 38,U.S. Senate,Rep,Lou Barletta,2311
House 39,U.S. Senate,,WRITE-IN,0
House 39,U.S. Senate,,Write-ins,2
House 39,U.S. Senate,DEM,Bob Casey Jr.,2293
House 39,U.S. Senate,Dem,Bob Casey, Jr.,693
House 39,U.S. Senate,GRN,Neal Gale,17
House 39,U.S. Senate,Grn,Neal Gale,7
House 39,U.S. Senate,LIB,Dale R. Kerns Jr.,61
House 39,U.S. Senate,Lib,Dale R. Kerns, Jr.,18
House 39,U.S. Senate,REP,Lou Barletta,2901
House 39,U.S. Senate,Rep,Lou Barletta,460
House 41,U.S. Senate,,Write-ins,3
House 41,U.S. Senate,DEM,Bob Casey Jr.,6529
House 41,U.S. Senate,GRN,Neal Gale,81
House 41,U.S. Senate,LIB,Dale R. Kerns Jr.,174
House 41,U.S. Senate,REP,Lou Barletta,6486
House 42,U.S. Senate,,WRITE-IN,12
House 42,U.S. Senate,Dem,Bob Casey, Jr.,15342
House 42,U.S. Senate,Grn,Neal Gale,172
House 42,U.S. Senate,Lib,Dale R. Kerns, Jr.,237
House 42,U.S. Senate,Rep,Lou Barletta,5703
House 43,U.S. Senate,,Write-ins,1
House 43,U.S. Senate,DEM,Bob Casey Jr.,1647
House 43,U.S. Senate,GRN,Neal Gale,18
House 43,U.S. Senate,LIB,Dale R. Kerns Jr.,63
House 43,U.S. Senate,REP,Lou Barletta,2326
House 44,U.S. Senate,,WRITE-IN,3
House 44,U.S. Senate,Dem,Bob Casey, Jr.,2390
House 44,U.S. Senate,Grn,Neal Gale,24
House 44,U.S. Senate,Lib,Dale R. Kerns, Jr.,52
House 44,U.S. Senate,Rep,Lou Barletta,1251
House 45,U.S. Senate,,WRITE-IN,7
House 45,U.S. Senate,Dem,Bob Casey, Jr.,5147
House 45,U.S. Senate,Grn,Neal Gale,68
House 45,U.S. Senate,Lib,Dale R. Kerns, Jr.,103
House 45,U.S. Senate,Rep,Lou Barletta,2563
House 46,U.S. Senate,,WRITE-IN,0
House 46,U.S. Senate,,Write-ins,3
House 46,U.S. Senate,DEM,Bob Casey Jr.,6634
House 46,U.S. Senate,Dem,Bob Casey, Jr.,335
House 46,U.S. Senate,GRN,Neal Gale,67
House 46,U.S. Senate,Grn,Neal Gale,5
House 46,U.S. Senate,LIB,Dale R. Kerns Jr.,175
House 46,U.S. Senate,Lib,Dale R. Kerns, Jr.,9
House 46,U.S. Senate,REP,Lou Barletta,7057
House 46,U.S. Senate,Rep,Lou Barletta,172
House 47,U.S. Senate,,Write-In,10
House 47,U.S. Senate,Dem,Bob CASEY, JR.,10069
House 47,U.S. Senate,Grn,Neal GALE,176
House 47,U.S. Senate,LIB,Dale R. KERNS, JR.,345
House 47,U.S. Senate,Rep,Lou BARLETTA,11714
House 48,U.S. Senate,,Write-ins,14
House 48,U.S. Senate,DEM,Bob Casey Jr.,12684
House 48,U.S. Senate,GRN,Neal Gale,123
House 48,U.S. Senate,LIB,Dale R. Kerns Jr.,280
House 48,U.S. Senate,REP,Lou Barletta,11394
House 49,U.S. Senate,,Write-ins,6
House 49,U.S. Senate,DEM,Bob Casey Jr.,10784
House 49,U.S. Senate,GRN,Neal Gale,99
House 49,U.S. Senate,LIB,Dale R. Kerns Jr.,257
House 49,U.S. Senate,REP,Lou Barletta,9609
House 50,U.S. Senate,,Write-ins,1
House 50,U.S. Senate,DEM,Bob Casey Jr.,9499
House 50,U.S. Senate,GRN,Neal Gale,99
House 50,U.S. Senate,LIB,Dale R. Kerns Jr.,170
House 50,U.S. Senate,REP,Lou Barletta,9103
House 51,U.S. Senate,,Write-ins,12
House 51,U.S. Senate,DEM,Bob Casey Jr.,8776
House 51,U.S. Senate,GRN,Neal Gale,110
House 51,U.S. Senate,LIB,Dale R. Kerns Jr.,188
House 51,U.S. Senate,REP,Lou Barletta,10279
House 52,U.S. Senate,,Write-ins,9
House 52,U.S. Senate,DEM,Bob Casey Jr,721
House 52,U.S. Senate,DEM,Bob Casey Jr.,7285
House 52,U.S. Senate,GRN,Neal Gale,91
House 52,U.S. Senate,LIB,Dale R Kerns Jr,20
House 52,U.S. Senate,LIB,Dale R. Kerns Jr.,196
House 52,U.S. Senate,REP,Lou Barletta,9622
House 53,U.S. Senate,,Write-ins,2
House 53,U.S. Senate,DEM,BOB CASEY JR,14401
House 53,U.S. Senate,GRN,NEAL GALE,195
House 53,U.S. Senate,LIB,DALE R KERNS JR,262
House 53,U.S. Senate,REP,LOU BARLETTA,10387
House 54,U.S. Senate,,WRITE-IN,1
House 54,U.S. Senate,Dem,Bob Casey, Jr.,3450
House 54,U.S. Senate,Grn,Neal Gale,32
House 54,U.S. Senate,Lib,Dale R. Kerns, Jr.,71
House 54,U.S. Senate,Rep,Lou Barletta,3280
House 56,U.S. Senate,,Write-ins,1
House 56,U.S. Senate,DEM,Bob Casey Jr,213
House 56,U.S. Senate,GRN,Neal Gale,5
House 56,U.S. Senate,LIB,Dale R Kerns Jr,5
House 56,U.S. Senate,REP,Lou Barletta,355
House 58,U.S. Senate,,Write-ins,5
House 58,U.S. Senate,DEM,Bob Casey Jr,4788
House 58,U.S. Senate,GRN,Neal Gale,35
House 58,U.S. Senate,LIB,Dale R Kerns Jr,97
House 58,U.S. Senate,REP,Lou Barletta,4814
House 59,U.S. Senate,,Write-ins,1
House 59,U.S. Senate,DEM,Bob Casey Jr,748
House 59,U.S. Senate,DEM,Bob Casey Jr.,1922
House 59,U.S. Senate,GRN,Neal Gale,24
House 59,U.S. Senate,LIB,Dale R Kerns Jr,16
House 59,U.S. Senate,LIB,Dale R. Kerns Jr.,50
House 59,U.S. Senate,REP,Lou Barletta,4133
House 61,U.S. Senate,,Write-ins,1
House 61,U.S. Senate,DEM,BOB CASEY JR,1673
House 61,U.S. Senate,GRN,NEAL GALE,11
House 61,U.S. Senate,LIB,DALE R KERNS JR,28
House 61,U.S. Senate,REP,LOU BARLETTA,873
House 65,U.S. Senate,,Write-ins,1
House 65,U.S. Senate,DEM,BOB CASEY JR,1678
House 65,U.S. Senate,DEM,Bob Casey Jr.,381
House 65,U.S. Senate,GRN,NEAL GALE,32
House 65,U.S. Senate,GRN,Neal Gale,9
House 65,U.S. Senate,LIB,DALE KERNS JR,50
House 65,U.S. Senate,LIB,Dale R. Kerns Jr.,9
House 65,U.S. Senate,REP,LOU BARLETTA,3246
House 65,U.S. Senate,REP,Lou Barletta,843
House 69,U.S. Senate,DEM,Bob Casey Jr.,6077
House 69,U.S. Senate,GRN,Neal Gale,86
House 69,U.S. Senate,LIB,Dale R. Kerns Jr.,191
House 69,U.S. Senate,REP,Lou Barletta,12627
House 71,U.S. Senate,DEM,Bob Casey Jr.,131
House 71,U.S. Senate,GRN,Neal Gale,4
House 71,U.S. Senate,LIB,Dale R. Kerns Jr.,4
House 71,U.S. Senate,REP,Lou Barletta,194
House 74,U.S. Senate,,Write-ins,5
House 74,U.S. Senate,DEM,BOB CASEY JR,5516
House 74,U.S. Senate,GRN,NEAL GALE,68
House 74,U.S. Senate,LIB,DALE R KERNS JR,92
House 74,U.S. Senate,REP,LOU BARLETTA,3758
House 78,U.S. Senate,,Write - In,0
House 78,U.S. Senate,,Write In,5
House 78,U.S. Senate,DEM,Bob Casey Jr,907
House 78,U.S. Senate,DEM,Bob Casey Jr.,1068
House 78,U.S. Senate,GRN,Neal Gale,51
House 78,U.S. Senate,LIB,Dale R Kerns Jr,37
House 78,U.S. Senate,LIB,Dale R. Kerns Jr.,42
House 78,U.S. Senate,REP,Lou Barletta,6990
House 79,U.S. Senate,,EMILY BEST (W),2
House 79,U.S. Senate,,JACK WILKES (W),1
House 79,U.S. Senate,,JOHN EICHELBERGER (W),1
House 79,U.S. Senate,,JOYCE (W),1
House 79,U.S. Senate,,LEWIS HALE (W),1
House 79,U.S. Senate,,MARK ZORGER (W),1
House 79,U.S. Senate,,Over Votes,0
House 79,U.S. Senate,,TERRY PENNINGTON (W),1
House 79,U.S. Senate,,Under Votes,369
House 79,U.S. Senate,,WAGNER (W),1
House 79,U.S. Senate,BOB CASEY, JR,DEM,142
House 79,U.S. Senate,DALE R KEARNS, JR,LIB,4
House 79,U.S. Senate,DEM,BOB CASEY, JR,7515
House 79,U.S. Senate,GRN,NEAL GALE,122
House 79,U.S. Senate,LIB,DALE R KEARNS, JR,235
House 79,U.S. Senate,LOU BARLETTA,REP,137
House 79,U.S. Senate,NEAL GALE,GRN,5
House 79,U.S. Senate,Over Votes,,0
House 79,U.S. Senate,REP,LOU BARLETTA,11124
House 79,U.S. Senate,Under Votes,,8
House 80,U.S. Senate,,ADAM DURASOSTARR (W),1
House 80,U.S. Senate,,DONALD HAZENSTAB (W),1
House 80,U.S. Senate,,KRIS LETANG (W),1
House 80,U.S. Senate,,MATT MICHRINA (W),1
House 80,U.S. Senate,,Over Votes,0
House 80,U.S. Senate,,Under Votes,503
House 80,U.S. Senate,DEM,BOB CASEY, JR,6945
House 80,U.S. Senate,GRN,NEAL GALE,131
House 80,U.S. Senate,LIB,DALE R KEARNS, JR,243
House 80,U.S. Senate,REP,LOU BARLETTA,16567
House 81,U.S. Senate,,Write In,8
House 81,U.S. Senate,,Write-ins,0
House 81,U.S. Senate,DEM,Bob Casey Jr,4686
House 81,U.S. Senate,GRN,Neal Gale,96
House 81,U.S. Senate,LIB,Dale R Kerns Jr,166
House 81,U.S. Senate,REP,Lou Barletta,9149
House 82,U.S. Senate,,Over Votes,5
House 82,U.S. Senate,,Under Votes,110
House 82,U.S. Senate,,Write - In,0
House 82,U.S. Senate,,Write In,5
House 82,U.S. Senate,,Write-ins,8
House 82,U.S. Senate,DEM,Bob Casey Jr,5083
House 82,U.S. Senate,DEM,Bob Casey Jr.,729
House 82,U.S. Senate,GRN,Neal Gale,160
House 82,U.S. Senate,LIB,Dale R Kerns Jr,237
House 82,U.S. Senate,LIB,Dale R. Kerns Jr.,35
House 82,U.S. Senate,REP,Lou Barletta,14160
House 89,U.S. Senate,,Write - In,0
House 89,U.S. Senate,DEM,Bob Casey Jr.,35
House 89,U.S. Senate,GRN,Neal Gale,1
House 89,U.S. Senate,LIB,Dale R. Kerns Jr.,3
House 89,U.S. Senate,REP,Lou Barletta,122
House 90,U.S. Senate,,Write - In,0
House 90,U.S. Senate,DEM,Bob Casey Jr.,541
House 90,U.S. Senate,GRN,Neal Gale,9
House 90,U.S. Senate,LIB,Dale R. Kerns Jr.,23
House 90,U.S. Senate,REP,Lou Barletta,1061
House 92,U.S. Senate,,Write-In,1
House 92,U.S. Senate,Dem,Bob CASEY, JR.,2236
House 92,U.S. Senate,Grn,Neal GALE,52
House 92,U.S. Senate,LIB,Dale R. KERNS, JR.,95
House 92,U.S. Senate,Rep,Lou BARLETTA,4065
House 93,U.S. Senate,,Write-In,13
House 93,U.S. Senate,Dem,Bob CASEY, JR.,13943
House 93,U.S. Senate,Grn,Neal GALE,241
House 93,U.S. Senate,LIB,Dale R. KERNS, JR.,474
House 93,U.S. Senate,Rep,Lou BARLETTA,16876
House 94,U.S. Senate,,Write-In,9
House 94,U.S. Senate,Dem,Bob CASEY, JR.,8969
House 94,U.S. Senate,Grn,Neal GALE,169
House 94,U.S. Senate,LIB,Dale R. KERNS, JR.,336
House 94,U.S. Senate,Rep,Lou BARLETTA,14125
House 95,U.S. Senate,,Write-In,12
House 95,U.S. Senate,Dem,Bob CASEY, JR.,8556
House 95,U.S. Senate,Grn,Neal GALE,127
House 95,U.S. Senate,LIB,Dale R. KERNS, JR.,238
House 95,U.S. Senate,Rep,Lou BARLETTA,6075
House 97,U.S. Senate,,Write-ins,4
House 97,U.S. Senate,DEM,Bob Casey Jr.,6536
House 97,U.S. Senate,GRN,Neal Gale,114
House 97,U.S. Senate,LIB,Dale R. Kerns Jr.,209
House 97,U.S. Senate,REP,Lou Barletta,7852
House 98,U.S. Senate,,Write In,0
House 98,U.S. Senate,,Write-ins,4
House 98,U.S. Senate,DEM,Bob CASEY, JR.,646
House 98,U.S. Senate,DEM,Bob Casey Jr.,6024
House 98,U.S. Senate,GRN,Neal GALE,16
House 98,U.S. Senate,GRN,Neal Gale,123
House 98,U.S. Senate,LIB,Dale R. KERNS, JR.,27
House 98,U.S. Senate,LIB,Dale R. Kerns Jr.,265
House 98,U.S. Senate,REP,Lou BARLETTA,1412
House 98,U.S. Senate,REP,Lou Barletta,7069
House 99,U.S. Senate,,Write-ins,6
House 99,U.S. Senate,DEM,Bob Casey Jr.,4960
House 99,U.S. Senate,GRN,Neal Gale,101
House 99,U.S. Senate,LIB,Dale R. Kerns Jr.,231
House 99,U.S. Senate,REP,Lou Barletta,8963
House 101,U.S. Senate,,Write-ins,13
House 101,U.S. Senate,DEM,BOB CASEY, JR,10480
House 101,U.S. Senate,GRN,NEAL GALE,169
House 101,U.S. Senate,LIB,DALE R. KERNS, JR.,306
House 101,U.S. Senate,REP,LOU BARLETTA,13229
House 102,U.S. Senate,,Write-ins,11
House 102,U.S. Senate,DEM,BOB CASEY, JR,7415
House 102,U.S. Senate,GRN,NEAL GALE,153
House 102,U.S. Senate,LIB,DALE R. KERNS, JR.,271
House 102,U.S. Senate,REP,LOU BARLETTA,14980
House 103,U.S. Senate,,Write In,1
House 103,U.S. Senate,DEM,Bob CASEY, JR.,960
House 103,U.S. Senate,GRN,Neal GALE,13
House 103,U.S. Senate,LIB,Dale R. KERNS, JR.,21
House 103,U.S. Senate,REP,Lou BARLETTA,567
House 104,U.S. Senate,,Write In,2
House 104,U.S. Senate,,Write-ins,2
House 104,U.S. Senate,DEM,BOB CASEY, JR,473
House 104,U.S. Senate,DEM,Bob CASEY, JR.,793
House 104,U.S. Senate,GRN,NEAL GALE,21
House 104,U.S. Senate,GRN,Neal GALE,12
House 104,U.S. Senate,LIB,DALE R. KERNS, JR.,25
House 104,U.S. Senate,LIB,Dale R. KERNS, JR.,9
House 104,U.S. Senate,REP,LOU BARLETTA,1627
House 104,U.S. Senate,REP,Lou BARLETTA,251
House 106,U.S. Senate,,Write In,7
House 106,U.S. Senate,DEM,Bob CASEY, JR.,9320
House 106,U.S. Senate,GRN,Neal GALE,139
House 106,U.S. Senate,LIB,Dale R. KERNS, JR.,211
House 106,U.S. Senate,REP,Lou BARLETTA,8304
House 110,U.S. Senate,,Write In Votes,1
House 110,U.S. Senate,DEM,Bob Casey Jr,1052
House 110,U.S. Senate,GRN,Neal Gale,32
House 110,U.S. Senate,LIB,Dale R Kerns Jr,40
House 110,U.S. Senate,REP,Lou Barletta,2114
House 111,U.S. Senate,,Write In Votes,0
House 111,U.S. Senate,DEM,Bob Casey Jr,4468
House 111,U.S. Senate,DEM,Bob Casey Jr.,4034
House 111,U.S. Senate,GRN,Neal Gale,152
House 111,U.S. Senate,LIB,Dale R Kerns Jr,123
House 111,U.S. Senate,LIB,Dale R. Kerns Jr.,73
House 111,U.S. Senate,REP,Lou Barletta,14094
House 112,U.S. Senate,,Write-ins,12
House 112,U.S. Senate,DEM,Bob Casey, Jr.,21704
House 112,U.S. Senate,GRN,Neal Gale,174
House 112,U.S. Senate,LIB,Dale R. Kerns, Jr.,184
House 112,U.S. Senate,REP,Lou Barletta,11484
House 113,U.S. Senate,,Write-ins,10
House 113,U.S. Senate,DEM,Bob Casey, Jr.,12209
House 113,U.S. Senate,GRN,Neal Gale,73
House 113,U.S. Senate,LIB,Dale R. Kerns, Jr.,116
House 113,U.S. Senate,REP,Lou Barletta,6050
House 114,U.S. Senate,,Write-ins,7
House 114,U.S. Senate,DEM,Bob Casey, Jr.,12321
House 114,U.S. Senate,GRN,Neal Gale,109
House 114,U.S. Senate,LIB,Dale R. Kerns, Jr.,130
House 114,U.S. Senate,REP,Lou Barletta,8909
House 115,U.S. Senate,DEM,Bob Casey Jr.,12309
House 115,U.S. Senate,GRN,Neal Gale,131
House 115,U.S. Senate,LIB,Dale Kerns,147
House 115,U.S. Senate,REP,Lou Barletta,6620
House 116,U.S. Senate,,WRITE-IN,5
House 116,U.S. Senate,DEM,BOB CASEY, JR,4201
House 116,U.S. Senate,GRN,NEAL GALE,40
House 116,U.S. Senate,LIB,DALE R KERNS, JR,36
House 116,U.S. Senate,REP,LOU BARLETTA,6822
House 117,U.S. Senate,,WRITE-IN,2
House 117,U.S. Senate,,Write-ins,2
House 117,U.S. Senate,DEM,BOB CASEY, JR,4228
House 117,U.S. Senate,DEM,Bob Casey,3868
House 117,U.S. Senate,GRE,Neal Gale,86
House 117,U.S. Senate,GRN,NEAL GALE,62
House 117,U.S. Senate,LIB,DALE R KERNS, JR,66
House 117,U.S. Senate,LIB,Dale R. Kerns Jr.,92
House 117,U.S. Senate,REP,LOU BARLETTA,6955
House 117,U.S. Senate,REP,Lou Barletta,6582
House 118,U.S. Senate,,WRITE-IN,5
House 118,U.S. Senate,,Write-ins,0
House 118,U.S. Senate,DEM,BOB CASEY, JR,8757
House 118,U.S. Senate,DEM,Bob Casey, Jr.,2791
House 118,U.S. Senate,GRN,NEAL GALE,85
House 118,U.S. Senate,GRN,Neal Gale,28
House 118,U.S. Senate,LIB,DALE R KERNS, JR,76
House 118,U.S. Senate,LIB,Dale R. Kerns, Jr.,29
House 118,U.S. Senate,REP,LOU BARLETTA,7879
House 118,U.S. Senate,REP,Lou Barletta,2917
House 119,U.S. Senate,,WRITE-IN,6
House 119,U.S. Senate,DEM,BOB CASEY, JR,7828
House 119,U.S. Senate,GRN,NEAL GALE,75
House 119,U.S. Senate,LIB,DALE R KERNS, JR,105
House 119,U.S. Senate,REP,LOU BARLETTA,9779
House 120,U.S. Senate,,WRITE-IN,4
House 120,U.S. Senate,DEM,BOB CASEY, JR,11078
House 120,U.S. Senate,GRN,NEAL GALE,110
House 120,U.S. Senate,LIB,DALE R KERNS, JR,116
House 120,U.S. Senate,REP,LOU BARLETTA,10931
House 121,U.S. Senate,,WRITE-IN,4
House 121,U.S. Senate,DEM,BOB CASEY, JR,9334
House 121,U.S. Senate,GRN,NEAL GALE,90
House 121,U.S. Senate,LIB,DALE R KERNS, JR,109
House 121,U.S. Senate,REP,LOU BARLETTA,7479
House 122,U.S. Senate,,Write-In Votes,6
House 122,U.S. Senate,DEM,Bob Casey, Jr.,8203
House 122,U.S. Senate,GRN,Neal Gale,111
House 122,U.S. Senate,LIB,Dale R. Kerns, Jr.,181
House 122,U.S. Senate,REP,Lou Barletta,12927
House 124,U.S. Senate,,Write-In Votes,0
House 124,U.S. Senate,DEM,Bob Casey, Jr.,536
House 124,U.S. Senate,GRN,Neal Gale,8
House 124,U.S. Senate,LIB,Dale R. Kerns, Jr.,14
House 124,U.S. Senate,REP,Lou Barletta,592
House 125,U.S. Senate,,Write In,0
House 125,U.S. Senate,DEM,Bob CASEY, JR.,177
House 125,U.S. Senate,GRN,Neal GALE,6
House 125,U.S. Senate,LIB,Dale R. KERNS, JR.,5
House 125,U.S. Senate,REP,Lou BARLETTA,150
House 128,U.S. Senate,,Write-ins,1
House 128,U.S. Senate,DEM,Bob Casey Jr.,586
House 128,U.S. Senate,GRN,Neal Gale,13
House 128,U.S. Senate,LIB,Dale R. Kerns Jr.,29
House 128,U.S. Senate,REP,Lou Barletta,1734
House 129,U.S. Senate,DEM,Bob Casey Jr.,305
House 129,U.S. Senate,GRN,Neal Gale,2
House 129,U.S. Senate,LIB,Dale R. Kerns Jr.,10
House 129,U.S. Senate,REP,Lou Barletta,438
House 130,U.S. Senate,,Write-ins,2
House 130,U.S. Senate,DEM,Bob Casey Jr.,7326
House 130,U.S. Senate,GRN,Neal Gale,116
House 130,U.S. Senate,LIB,Dale R. Kerns Jr.,205
House 130,U.S. Senate,REP,Lou Barletta,9073
House 131,U.S. Senate,,Write-Ins,0
House 131,U.S. Senate,,Write-ins,0
House 131,U.S. Senate,DEM,BOB CASEY JR,1599
House 131,U.S. Senate,Dem,Bob Casey Jr,9523
House 131,U.S. Senate,Dem,Bob Casey, Jr.,2060
House 131,U.S. Senate,GRE,Neal Gale,25
House 131,U.S. Senate,GRN,NEAL GALE,29
House 131,U.S. Senate,GRN,Neal Gale,111
House 131,U.S. Senate,LIB,DALE R KERNS JR,42
House 131,U.S. Senate,LIB,Dale R. Kerns, Jr.,32
House 131,U.S. Senate,Lib,Dale R Kerns Jr,229
House 131,U.S. Senate,REP,LOU BARLETTA,1360
House 131,U.S. Senate,Rep,Lou Barletta,10783
House 133,U.S. Senate,Dem,Bob Casey Jr,14490
House 133,U.S. Senate,GRN,Neal Gale,180
House 133,U.S. Senate,Lib,Dale R Kerns Jr,309
House 133,U.S. Senate,Rep,Lou Barletta,9342
House 134,U.S. Senate,,Write-ins,0
House 134,U.S. Senate,DEM,Bob Casey Jr.,1985
House 134,U.S. Senate,Dem,Bob Casey Jr,11960
House 134,U.S. Senate,GRN,Neal Gale,158
House 134,U.S. Senate,LIB,Dale R. Kerns Jr.,68
House 134,U.S. Senate,Lib,Dale R Kerns Jr,227
House 134,U.S. Senate,REP,Lou Barletta,2708
House 134,U.S. Senate,Rep,Lou Barletta,10336
House 135,U.S. Senate,,Write-Ins,0
House 135,U.S. Senate,Dem,Bob Casey, Jr.,14737
House 135,U.S. Senate,GRE,Neal Gale,157
House 135,U.S. Senate,LIB,Dale R. Kerns, Jr.,259
House 135,U.S. Senate,Rep,Lou Barletta,6617
House 136,U.S. Senate,,Write-Ins,2
House 136,U.S. Senate,Dem,Bob Casey, Jr.,13896
House 136,U.S. Senate,GRE,Neal Gale,166
House 136,U.S. Senate,LIB,Dale R. Kerns, Jr.,268
House 136,U.S. Senate,Rep,Lou Barletta,8964
House 137,U.S. Senate,,Write-Ins,3
House 137,U.S. Senate,Dem,Bob Casey, Jr.,12791
House 137,U.S. Senate,GRE,Neal Gale,142
House 137,U.S. Senate,LIB,Dale R. Kerns, Jr.,261
House 137,U.S. Senate,Rep,Lou Barletta,12390
House 138,U.S. Senate,,Write-Ins,1
House 138,U.S. Senate,Dem,Bob Casey, Jr.,13756
House 138,U.S. Senate,GRE,Neal Gale,150
House 138,U.S. Senate,LIB,Dale R. Kerns, Jr.,281
House 138,U.S. Senate,Rep,Lou Barletta,14401
House 139,U.S. Senate,DEM,Bob Casey Jr.,9550
House 139,U.S. Senate,GRN,Neal Gale,171
House 139,U.S. Senate,LIB,Dale R. Kerns Jr.,203
House 139,U.S. Senate,REP,Lou Barletta,15189
House 140,U.S. Senate,Democratic,Casey, Jr., Bob,23536
House 140,U.S. Senate,Green,Gale, Neal,280
House 140,U.S. Senate,Libertarian,Kerns, Jr., Dale R.,423
House 140,U.S. Senate,Republican,Barletta, Lou,12923
House 141,U.S. Senate,Democratic,Casey, Jr., Bob,3299
House 141,U.S. Senate,Green,Gale, Neal,44
House 141,U.S. Senate,Libertarian,Kerns, Jr., Dale R.,71
House 141,U.S. Senate,Republican,Barletta, Lou,1712
House 142,U.S. Senate,Democratic,Casey, Jr., Bob,21421
House 142,U.S. Senate,Green,Gale, Neal,213
House 142,U.S. Senate,Libertarian,Kerns, Jr., Dale R.,374
House 142,U.S. Senate,Republican,Barletta, Lou,16556
House 143,U.S. Senate,Democratic,Casey, Jr., Bob,16410
House 143,U.S. Senate,Green,Gale, Neal,238
House 143,U.S. Senate,Libertarian,Kerns, Jr., Dale R.,294
House 143,U.S. Senate,Republican,Barletta, Lou,13217
House 144,U.S. Senate,Democratic,Casey, Jr., Bob,16141
House 144,U.S. Senate,Green,Gale, Neal,206
House 144,U.S. Senate,Libertarian,Kerns, Jr., Dale R.,331
House 144,U.S. Senate,Republican,Barletta, Lou,13799
House 145,U.S. Senate,Democratic,Casey, Jr., Bob,10896
House 145,U.S. Senate,Green,Gale, Neal,178
House 145,U.S. Senate,Libertarian,Kerns, Jr., Dale R.,303
House 145,U.S. Senate,Republican,Barletta, Lou,10702
House 146,U.S. Senate,,Write-ins,3
House 146,U.S. Senate,DEM,BOB CASEY JR,12463
House 146,U.S. Senate,GRN,NEAL GALE,150
House 146,U.S. Senate,LIB,DALE R KERNS JR,238
House 146,U.S. Senate,REP,LOU BARLETTA,8813
House 147,U.S. Senate,,Write-ins,3
House 147,U.S. Senate,DEM,BOB CASEY JR,5124
House 147,U.S. Senate,GRN,NEAL GALE,68
House 147,U.S. Senate,LIB,DALE R KERNS JR,149
House 147,U.S. Senate,REP,LOU BARLETTA,5461
House 148,U.S. Senate,,Write-ins,0
House 148,U.S. Senate,DEM,BOB CASEY JR,2084
House 148,U.S. Senate,GRN,NEAL GALE,37
House 148,U.S. Senate,LIB,DALE R KERNS JR,39
House 148,U.S. Senate,REP,LOU BARLETTA,658
House 150,U.S. Senate,,Write-ins,3
House 150,U.S. Senate,DEM,BOB CASEY JR,7911
House 150,U.S. Senate,GRN,NEAL GALE,93
House 150,U.S. Senate,LIB,DALE R KERNS JR,132
House 150,U.S. Senate,REP,LOU BARLETTA,5040
House 151,U.S. Senate,,Write-ins,4
House 151,U.S. Senate,DEM,BOB CASEY JR,7169
House 151,U.S. Senate,GRN,NEAL GALE,75
House 151,U.S. Senate,LIB,DALE R KERNS JR,121
House 151,U.S. Senate,REP,LOU BARLETTA,4840
House 152,U.S. Senate,,Write-ins,1
House 152,U.S. Senate,DEM,BOB CASEY JR,4439
House 152,U.S. Senate,GRN,NEAL GALE,52
House 152,U.S. Senate,LIB,DALE R KERNS JR,85
House 152,U.S. Senate,REP,LOU BARLETTA,2899
House 153,U.S. Senate,,Write-ins,2
House 153,U.S. Senate,DEM,BOB CASEY JR,20662
House 153,U.S. Senate,GRN,NEAL GALE,194
House 153,U.S. Senate,LIB,DALE R KERNS JR,255
House 153,U.S. Senate,REP,LOU BARLETTA,7542
House 154,U.S. Senate,,Write-ins,4
House 154,U.S. Senate,DEM,BOB CASEY JR,18413
House 154,U.S. Senate,GRN,NEAL GALE,140
House 154,U.S. Senate,LIB,DALE R KERNS JR,125
House 154,U.S. Senate,REP,LOU BARLETTA,2746
House 155,U.S. Senate,,Write-ins,11
House 155,U.S. Senate,DEM,BOB CASEY JR,20136
House 155,U.S. Senate,GRN,NEAL GALE,237
House 155,U.S. Senate,LIB,DALE R KERNS JR,420
House 155,U.S. Senate,REP,LOU BARLETTA,14171
House 159,U.S. Senate,,Write In,2
House 159,U.S. Senate,Democrat,Bob CASEY JR,4636
House 159,U.S. Senate,Green,Neal GALE,30
House 159,U.S. Senate,Libertarian,Dale R. KERNS JR,106
House 159,U.S. Senate,Republican,Lou BARLETTA,3636
House 161,U.S. Senate,,Write In,2
House 161,U.S. Senate,Democrat,Bob CASEY JR,9242
House 161,U.S. Senate,Green,Neal GALE,94
House 161,U.S. Senate,Libertarian,Dale R. KERNS JR,224
House 161,U.S. Senate,Republican,Lou BARLETTA,7900
House 162,U.S. Senate,,Write In,16
House 162,U.S. Senate,Democrat,Bob CASEY JR,27018
House 162,U.S. Senate,Green,Neal GALE,214
House 162,U.S. Senate,Libertarian,Dale R. KERNS JR,390
House 162,U.S. Senate,Republican,Lou BARLETTA,14972
House 163,U.S. Senate,,Write In,24
House 163,U.S. Senate,Democrat,Bob CASEY JR,34669
House 163,U.S. Senate,Green,Neal GALE,291
House 163,U.S. Senate,Libertarian,Dale R. KERNS JR,382
House 163,U.S. Senate,Republican,Lou BARLETTA,14814
House 164,U.S. Senate,,Write In,12
House 164,U.S. Senate,Democrat,Bob CASEY JR,27604
House 164,U.S. Senate,Green,Neal GALE,220
House 164,U.S. Senate,Libertarian,Dale R. KERNS JR,238
House 164,U.S. Senate,Republican,Lou BARLETTA,7070
House 165,U.S. Senate,,Write In,4
House 165,U.S. Senate,Democrat,Bob CASEY JR,29256
House 165,U.S. Senate,Green,Neal GALE,244
House 165,U.S. Senate,Libertarian,Dale R. KERNS JR,424
House 165,U.S. Senate,Republican,Lou BARLETTA,24824
House 166,U.S. Senate,,Write In,2
House 166,U.S. Senate,Democrat,Bob CASEY JR,1008
House 166,U.S. Senate,Green,Neal GALE,16
House 166,U.S. Senate,Libertarian,Dale R. KERNS JR,30
House 166,U.S. Senate,Republican,Lou BARLETTA,848
House 167,U.S. Senate,,Write-ins,4
House 167,U.S. Senate,DEM,BOB CASEY JR,7182
House 167,U.S. Senate,GRN,NEAL GALE,51
House 167,U.S. Senate,LIB,DALE R KERNS JR,105
House 167,U.S. Senate,REP,LOU BARLETTA,5032
House 168,U.S. Senate,,Write In,4
House 168,U.S. Senate,Democrat,Bob CASEY JR,21256
House 168,U.S. Senate,Green,Neal GALE,254
House 168,U.S. Senate,Libertarian,Dale R. KERNS JR,360
House 168,U.S. Senate,Republican,Lou BARLETTA,13646
House 169,U.S. Senate,,Write-In,9
House 169,U.S. Senate,Dem,Bob CASEY, JR.,3738
House 169,U.S. Senate,Grn,Neal GALE,88
House 169,U.S. Senate,LIB,Dale R. KERNS, JR.,161
House 169,U.S. Senate,Rep,Lou BARLETTA,7077
House 171,U.S. Senate,,Write-ins,0
House 171,U.S. Senate,DEM,Bob Casey Jr,785
House 171,U.S. Senate,GRN,Neal Gale,20
House 171,U.S. Senate,LIB,Dale R Kerns Jr,39
House 171,U.S. Senate,REP,Lou Barletta,2421
House 172,U.S. Senate,,Write-ins,0
House 172,U.S. Senate,DEM,BOB CASEY JR,678
House 172,U.S. Senate,GRN,NEAL GALE,12
House 172,U.S. Senate,LIB,DALE R KERNS JR,12
House 172,U.S. Senate,REP,LOU BARLETTA,444
House 176,U.S. Senate,DEM,Bob Casey Jr.,10427
House 176,U.S. Senate,GRN,Neal Gale,130
House 176,U.S. Senate,LIB,Dale Kerns,177
House 176,U.S. Senate,REP,Lou Barletta,10660
House 178,U.S. Senate,Democratic,Casey, Jr., Bob,17508
House 178,U.S. Senate,Green,Gale, Neal,137
House 178,U.S. Senate,Libertarian,Kerns, Jr., Dale R.,255
House 178,U.S. Senate,Republican,Barletta, Lou,15118
House 183,U.S. Senate,,Write-Ins,1
House 183,U.S. Senate,Dem,Bob Casey Jr,1531
House 183,U.S. Senate,Dem,Bob Casey, Jr.,5035
House 183,U.S. Senate,GRE,Neal Gale,74
House 183,U.S. Senate,GRN,Neal Gale,26
House 183,U.S. Senate,LIB,Dale R. Kerns, Jr.,141
House 183,U.S. Senate,Lib,Dale R Kerns Jr,49
House 183,U.S. Senate,Rep,Lou Barletta,8323
House 185,U.S. Senate,,Write In,2
House 185,U.S. Senate,Democrat,Bob CASEY JR,5834
House 185,U.S. Senate,Green,Neal GALE,32
House 185,U.S. Senate,Libertarian,Dale R. KERNS JR,36
House 185,U.S. Senate,Republican,Lou BARLETTA,904
House 187,U.S. Senate,Dem,Bob Casey Jr,15558
House 187,U.S. Senate,GRN,Neal Gale,159
House 187,U.S. Senate,Lib,Dale R Kerns Jr,325
House 187,U.S. Senate,Rep,Lou Barletta,14826
House 189,U.S. Senate,DEM,Bob Casey Jr.,10627
House 189,U.S. Senate,GRN,Neal Gale,134
House 189,U.S. Senate,LIB,Dale Kerns,134
House 189,U.S. Senate,LIB,Dale R. Kerns Jr.,48
House 189,U.S. Senate,REP,Lou Barletta,9445
House 191,U.S. Senate,,Write In,8
House 191,U.S. Senate,Democrat,Bob CASEY JR,13334
House 191,U.S. Senate,Green,Neal GALE,46
House 191,U.S. Senate,Libertarian,Dale R. KERNS JR,26
House 191,U.S. Senate,Republican,Lou BARLETTA,752
House 196,U.S. Senate,,Write-In,5
House 196,U.S. Senate,Dem,Bob CASEY, JR.,5023
House 196,U.S. Senate,Grn,Neal GALE,85
House 196,U.S. Senate,LIB,Dale R. KERNS, JR.,177
House 196,U.S. Senate,Rep,Lou BARLETTA,7875
Senate 2,U.S. Senate,,Write In,15
Senate 2,U.S. Senate,DEM,BOB CASEY JR,56815
Senate 2,U.S. Senate,GRN,NEAL GALE,428
Senate 2,U.S. Senate,LIB,DALE R. KERNS JR,352
Senate 2,U.S. Senate,REP,LOU BARLETTA,12251
Senate 4,U.S. Senate,,Write In,8
Senate 4,U.S. Senate,,Write-ins,6
Senate 4,U.S. Senate,DEM,BOB CASEY JR,103593
Senate 4,U.S. Senate,GRN,NEAL GALE,648
Senate 4,U.S. Senate,LIB,DALE R KERNS JR,392
Senate 4,U.S. Senate,LIB,DALE R. KERNS JR,147
Senate 4,U.S. Senate,REP,LOU BARLETTA,12356
Senate 6,U.S. Senate,Democratic,Casey, Jr., Bob,62671
Senate 6,U.S. Senate,Green,Gale, Neal,662
Senate 6,U.S. Senate,Libertarian,Kerns, Jr., Dale R.,1024
Senate 6,U.S. Senate,Republican,Barletta, Lou,44455
Senate 8,U.S. Senate,,Write In,35
Senate 8,U.S. Senate,DEM,BOB CASEY JR,63269
Senate 8,U.S. Senate,Democrat,Bob CASEY JR,45232
Senate 8,U.S. Senate,GRN,NEAL GALE,460
Senate 8,U.S. Senate,Green,Neal GALE,280
Senate 8,U.S. Senate,LIB,DALE R. KERNS JR,266
Senate 8,U.S. Senate,Libertarian,Dale R. KERNS JR,314
Senate 8,U.S. Senate,REP,LOU BARLETTA,2370
Senate 8,U.S. Senate,Republican,Lou BARLETTA,9664
Senate 10,U.S. Senate,Democratic,Casey, Jr., Bob,73385
Senate 10,U.S. Senate,Green,Gale, Neal,854
Senate 10,U.S. Senate,Libertarian,Kerns, Jr., Dale R.,1241
Senate 10,U.S. Senate,Republican,Barletta, Lou,53242
Senate 12,U.S. Senate,,Write-ins,6
Senate 12,U.S. Senate,DEM,BOB CASEY JR,25206
Senate 12,U.S. Senate,Democratic,Casey, Jr., Bob,18632
Senate 12,U.S. Senate,GRN,NEAL GALE,300
Senate 12,U.S. Senate,Green,Gale, Neal,191
Senate 12,U.S. Senate,LIB,DALE R KERNS JR,444
Senate 12,U.S. Senate,Libertarian,Kerns, Jr., Dale R.,313
Senate 12,U.S. Senate,REP,LOU BARLETTA,17703
Senate 12,U.S. Senate,Republican,Barletta, Lou,15264
Senate 14,U.S. Senate,,WRITE-IN,20
Senate 14,U.S. Senate,,Write-In Votes,12
Senate 14,U.S. Senate,DEM,BOB CASEY, JR,29653
Senate 14,U.S. Senate,DEM,Bob Casey, Jr.,17478
Senate 14,U.S. Senate,GRN,NEAL GALE,288
Senate 14,U.S. Senate,GRN,Neal Gale,238
Senate 14,U.S. Senate,LIB,DALE R KERNS, JR,317
Senate 14,U.S. Senate,LIB,Dale R. Kerns, Jr.,392
Senate 14,U.S. Senate,REP,LOU BARLETTA,29557
Senate 14,U.S. Senate,REP,Lou Barletta,27038
Senate 16,U.S. Senate,Dem,Bob Casey Jr,54139
Senate 16,U.S. Senate,GRN,Neal Gale,591
Senate 16,U.S. Senate,Lib,Dale R Kerns Jr,991
Senate 16,U.S. Senate,Rep,Lou Barletta,39767
Senate 18,U.S. Senate,,Write-Ins,3
Senate 18,U.S. Senate,Dem,Bob Casey Jr,19493
Senate 18,U.S. Senate,Dem,Bob Casey, Jr.,38476
Senate 18,U.S. Senate,GRE,Neal Gale,449
Senate 18,U.S. Senate,GRN,Neal Gale,227
Senate 18,U.S. Senate,LIB,Dale R. Kerns, Jr.,711
Senate 18,U.S. Senate,Lib,Dale R Kerns Jr,421
Senate 18,U.S. Senate,Rep,Lou Barletta,36381
Senate 20,U.S. Senate,,WRITE-IN,5
Senate 20,U.S. Senate,,Write In Votes,1
Senate 20,U.S. Senate,,Write-ins,2
Senate 20,U.S. Senate,DEM,BOB CASEY, JR,13317
Senate 20,U.S. Senate,DEM,Bob Casey,3868
Senate 20,U.S. Senate,DEM,Bob Casey Jr,5520
Senate 20,U.S. Senate,DEM,Bob Casey Jr.,16321
Senate 20,U.S. Senate,GRE,Neal Gale,86
Senate 20,U.S. Senate,GRN,NEAL GALE,157
Senate 20,U.S. Senate,GRN,Neal Gale,390
Senate 20,U.S. Senate,LIB,DALE R KERNS, JR,179
Senate 20,U.S. Senate,LIB,Dale R Kerns Jr,163
Senate 20,U.S. Senate,LIB,Dale R. Kerns Jr.,416
Senate 20,U.S. Senate,REP,LOU BARLETTA,18358
Senate 20,U.S. Senate,REP,Lou Barletta,40736
Senate 22,U.S. Senate,,WRITE-IN,1
Senate 22,U.S. Senate,,Write-ins,30
Senate 22,U.S. Senate,DEM,BOB CASEY, JR,3083
Senate 22,U.S. Senate,DEM,Bob Casey Jr.,4960
Senate 22,U.S. Senate,DEM,Bob Casey, Jr.,51444
Senate 22,U.S. Senate,GRN,NEAL GALE,18
Senate 22,U.S. Senate,GRN,Neal Gale,451
Senate 22,U.S. Senate,LIB,DALE R KERNS, JR,14
Senate 22,U.S. Senate,LIB,Dale Kerns,51
Senate 22,U.S. Senate,LIB,Dale R. Kerns, Jr.,488
Senate 22,U.S. Senate,REP,LOU BARLETTA,2464
Senate 22,U.S. Senate,REP,Lou Barletta,34896
Senate 24,U.S. Senate,,Write-ins,5
Senate 24,U.S. Senate,DEM,BOB CASEY JR,16823
Senate 24,U.S. Senate,DEM,Bob Casey Jr.,5603
Senate 24,U.S. Senate,Democratic,Casey, Jr., Bob,10720
Senate 24,U.S. Senate,GRN,NEAL GALE,241
Senate 24,U.S. Senate,GRN,Neal Gale,95
Senate 24,U.S. Senate,Green,Gale, Neal,196
Senate 24,U.S. Senate,LIB,DALE R KERNS JR,370
Senate 24,U.S. Senate,LIB,Dale R. Kerns Jr.,168
Senate 24,U.S. Senate,Libertarian,Kerns, Jr., Dale R.,295
Senate 24,U.S. Senate,REP,LOU BARLETTA,11525
Senate 24,U.S. Senate,REP,Lou Barletta,7362
Senate 24,U.S. Senate,Republican,Barletta, Lou,11172
Senate 26,U.S. Senate,,Write In,48
Senate 26,U.S. Senate,,Write-ins,4
Senate 26,U.S. Senate,DEM,BOB CASEY JR,7182
Senate 26,U.S. Senate,Democrat,Bob CASEY JR,128625
Senate 26,U.S. Senate,GRN,NEAL GALE,51
Senate 26,U.S. Senate,Green,Neal GALE,1161
Senate 26,U.S. Senate,LIB,DALE R KERNS JR,105
Senate 26,U.S. Senate,Libertarian,Dale R. KERNS JR,1902
Senate 26,U.S. Senate,REP,LOU BARLETTA,5032
Senate 26,U.S. Senate,Republican,Lou BARLETTA,79702
Senate 28,U.S. Senate,,Write-In,52
Senate 28,U.S. Senate,Dem,Bob CASEY, JR.,42234
Senate 28,U.S. Senate,Grn,Neal GALE,767
Senate 28,U.S. Senate,LIB,Dale R. KERNS, JR.,1479
Senate 28,U.S. Senate,Rep,Lou BARLETTA,55440
Senate 30,U.S. Senate,,ADAM DURASOSTARR (W),1
Senate 30,U.S. Senate,,DONALD HAZENSTAB (W),1
Senate 30,U.S. Senate,,EMILY BEST (W),2
Senate 30,U.S. Senate,,JACK WILKES (W),1
Senate 30,U.S. Senate,,JOHN EICHELBERGER (W),1
Senate 30,U.S. Senate,,JOYCE (W),1
Senate 30,U.S. Senate,,KRIS LETANG (W),1
Senate 30,U.S. Senate,,LEWIS HALE (W),1
Senate 30,U.S. Senate,,MARK ZORGER (W),1
Senate 30,U.S. Senate,,MATT MICHRINA (W),1
Senate 30,U.S. Senate,,Over Votes,0
Senate 30,U.S. Senate,,TERRY PENNINGTON (W),1
Senate 30,U.S. Senate,,Under Votes,872
Senate 30,U.S. Senate,,WAGNER (W),1
Senate 30,U.S. Senate,,Write - In,2
Senate 30,U.S. Senate,,Write In,15
Senate 30,U.S. Senate,BOB CASEY, JR,DEM,142
Senate 30,U.S. Senate,DALE R KEARNS, JR,LIB,4
Senate 30,U.S. Senate,DEM,BOB CASEY, JR,14460
Senate 30,U.S. Senate,DEM,Bob Casey Jr,6187
Senate 30,U.S. Senate,DEM,Bob Casey Jr.,3639
Senate 30,U.S. Senate,GRN,NEAL GALE,253
Senate 30,U.S. Senate,GRN,Neal Gale,225
Senate 30,U.S. Senate,LIB,DALE R KEARNS, JR,478
Senate 30,U.S. Senate,LIB,Dale R Kerns Jr,229
Senate 30,U.S. Senate,LIB,Dale R. Kerns Jr.,153
Senate 30,U.S. Senate,LOU BARLETTA,REP,137
Senate 30,U.S. Senate,NEAL GALE,GRN,5
Senate 30,U.S. Senate,Over Votes,,0
Senate 30,U.S. Senate,REP,LOU BARLETTA,27691
Senate 30,U.S. Senate,REP,Lou Barletta,26434
Senate 30,U.S. Senate,Under Votes,,8
Senate 32,U.S. Senate,,Write-ins,29
Senate 32,U.S. Senate,DEM,Bob Casey Jr,6470
Senate 32,U.S. Senate,DEM,Bob Casey Jr.,28885
Senate 32,U.S. Senate,GRN,Neal Gale,394
Senate 32,U.S. Senate,LIB,Dale R Kerns Jr,138
Senate 32,U.S. Senate,LIB,Dale R. Kerns Jr.,717
Senate 32,U.S. Senate,REP,Lou Barletta,46108
Senate 34,U.S. Senate,,Over Votes,5
Senate 34,U.S. Senate,,Under Votes,110
Senate 34,U.S. Senate,,WRITE-IN,25
Senate 34,U.S. Senate,,Write In,5
Senate 34,U.S. Senate,,Write-ins,10
Senate 34,U.S. Senate,DEM,Bob Casey Jr,6597
Senate 34,U.S. Senate,DEMOCRATIC,BOB CASEY JR,34778
Senate 34,U.S. Senate,GREEN,NEAL GALE,632
Senate 34,U.S. Senate,GRN,Neal Gale,178
Senate 34,U.S. Senate,LIB,Dale R Kerns Jr,295
Senate 34,U.S. Senate,LIBERTARIAN,DALE R KERNS JR,922
Senate 34,U.S. Senate,REP,Lou Barletta,15781
Senate 34,U.S. Senate,REPUBLICAN,LOU BARLETTA,24332
Senate 36,U.S. Senate,,Write-ins,30
Senate 36,U.S. Senate,DEM,Bob Casey Jr.,41495
Senate 36,U.S. Senate,GRN,Neal Gale,725
Senate 36,U.S. Senate,LIB,Dale R. Kerns Jr.,1526
Senate 36,U.S. Senate,REP,Lou Barletta,61694
Senate 38,U.S. Senate,,WRITE-IN,84
Senate 38,U.S. Senate,Dem,Bob Casey, Jr.,72489
Senate 38,U.S. Senate,Grn,Neal Gale,679
Senate 38,U.S. Senate,Lib,Dale R. Kerns, Jr.,1554
Senate 38,U.S. Senate,Rep,Lou Barletta,50226
Senate 40,U.S. Senate,,Write-Ins,4
Senate 40,U.S. Senate,DEM,Bob Casey Jr.,25666
Senate 40,U.S. Senate,Dem,Bob Casey, Jr.,23799
Senate 40,U.S. Senate,GRE,Neal Gale,265
Senate 40,U.S. Senate,GRN,Neal Gale,311
Senate 40,U.S. Senate,LIB,Dale Kerns,407
Senate 40,U.S. Senate,LIB,Dale R. Kerns, Jr.,531
Senate 40,U.S. Senate,REP,Lou Barletta,20994
Senate 40,U.S. Senate,Rep,Lou Barletta,26813
Senate 42,U.S. Senate,,WRITE-IN,94
Senate 42,U.S. Senate,Dem,Bob Casey, Jr.,78599
Senate 42,U.S. Senate,Grn,Neal Gale,776
Senate 42,U.S. Senate,Lib,Dale R. Kerns, Jr.,1249
Senate 42,U.S. Senate,Rep,Lou Barletta,25283
Senate 44,U.S. Senate,,Write-ins,28
Senate 44,U.S. Senate,DEM,BOB CASEY JR,50199
Senate 44,U.S. Senate,DEM,Bob Casey Jr.,3708
Senate 44,U.S. Senate,GRN,NEAL GALE,627
Senate 44,U.S. Senate,GRN,Neal Gale,55
Senate 44,U.S. Senate,LIB,DALE R KERNS JR,1026
Senate 44,U.S. Senate,LIB,Dale R. Kerns Jr.,105
Senate 44,U.S. Senate,REP,LOU BARLETTA,37824
Senate 44,U.S. Senate,REP,Lou Barletta,4419
Senate 46,U.S. Senate,,Write-ins,27
Senate 46,U.S. Senate,DEM,Bob Casey Jr.,40466
Senate 46,U.S. Senate,GRN,Neal Gale,411
Senate 46,U.S. Senate,LIB,Dale R. Kerns Jr.,941
Senate 46,U.S. Senate,REP,Lou Barletta,41641
Senate 48,U.S. Senate,,Write In,10
Senate 48,U.S. Senate,,Write-In,7
Senate 48,U.S. Senate,,Write-ins,26
Senate 48,U.S. Senate,DEM,BOB CASEY, JR,18368
Senate 48,U.S. Senate,DEM,Bob CASEY, JR.,12147
Senate 48,U.S. Senate,Dem,Bob CASEY, JR.,10690
Senate 48,U.S. Senate,GRN,NEAL GALE,343
Senate 48,U.S. Senate,GRN,Neal GALE,187
Senate 48,U.S. Senate,Grn,Neal GALE,177
Senate 48,U.S. Senate,LIB,DALE R. KERNS, JR.,602
Senate 48,U.S. Senate,LIB,Dale R. KERNS, JR.,649
Senate 48,U.S. Senate,REP,LOU BARLETTA,29836
Senate 48,U.S. Senate,REP,Lou BARLETTA,10746
Senate 48,U.S. Senate,Rep,Lou BARLETTA,12746
Senate 50,U.S. Senate,,Write-ins,21
Senate 50,U.S. Senate,DEM,BOB CASEY JR,11720
Senate 50,U.S. Senate,DEM,BOB CASEY JR.,18136
Senate 50,U.S. Senate,DEM,Bob Casey Jr.,6092
Senate 50,U.S. Senate,GRN,NEAL GALE,434
Senate 50,U.S. Senate,GRN,Neal Gale,78
Senate 50,U.S. Senate,LIB,DALE KERNS JR,324
Senate 50,U.S. Senate,LIB,DALE R. KERNS JR.,439
Senate 50,U.S. Senate,LIB,Dale R. Kerns Jr.,151
Senate 50,U.S. Senate,REP,LOU BARLETTA,40103
Senate 50,U.S. Senate,REP,Lou Barletta,7003
House 75,United States Senator,,Write-ins,6
House 75,United States Senator,DEM,BOB CASEY JR,3765
House 75,United States Senator,GR,NEAL GALE,62
House 75,United States Senator,LIB,DALE R KERNS JR,118
House 75,United States Senator,REP,LOU BARLETTA,7564
Senate 25,United States Senator,,Write-ins,5
Senate 25,United States Senator,DEM,BOB CASEY JR,2546
Senate 25,United States Senator,GR,NEAL GALE,34
Senate 25,United States Senator,LIB,DALE R KERNS JR,74
Senate 25,United States Senator,REP,LOU BARLETTA,4638
Senate 35,United States Senator,,Write-ins,0
Senate 35,United States Senator,DEM,BOB CASEY JR,872
Senate 35,United States Senator,GR,NEAL GALE,20
Senate 35,United States Senator,LIB,DALE R KERNS JR,35
Senate 35,United States Senator,REP,LOU BARLETTA,2049