State Legislative District,Office,Candidate,Party,Votes
House 1,Governor,DEM,Lupe Valdez,7311
House 1,Governor,LIB,Mark Jay Tippetts,346
House 1,Governor,REP,Greg Abbott,25221
House 2,Governor,DEM,Lupe Valdez,10314
House 2,Governor,LIB,Mark Jay Tippetts,708
House 2,Governor,REP,Greg Abbott,47220
House 3,Governor,,Over Votes,1
House 3,Governor,,Under Votes,290
House 3,Governor,DEM,Lupe Valdez,11736
House 3,Governor,LIB,Mark Jay Tippetts,649
House 3,Governor,REP,Greg Abbott,44231
House 4,Governor,,OVER VOTES,2
House 4,Governor,,Over Votes,3
House 4,Governor,,UNDER VOTES,118
House 4,Governor,,Under Votes,217
House 4,Governor,DEM,Lupe Valdez,14158
House 4,Governor,LIB,Mark Jay Tippetts,814
House 4,Governor,REP,Greg Abbott,45952
House 5,Governor,,Cast Votes,8814
House 5,Governor,,Overvotes,0
House 5,Governor,,Undervotes,14
House 5,Governor,DEM,Lupe Valdez,12746
House 5,Governor,LIB,Mark Jay Tippetts,491
House 5,Governor,LIB,Mark Jay Tippetts ,98
House 5,Governor,REP,Greg Abbott,38757
House 5,Governor,REP,Gregg Abbott,5761
House 6,Governor,DEM,Lupe Valdez,31629
House 6,Governor,LIB,Mark Jay Tippetts,1367
House 6,Governor,REP,Greg Abbott,80279
House 7,Governor,,Over Votes,0
House 7,Governor,,Under Votes,88
House 7,Governor,DEM,Lupe Valdez,1724
House 7,Governor,LIB,Mark Jay Tippetts,145
House 7,Governor,REP,Greg Abbott,8284
House 8,Governor,,OVER VOTES,0
House 8,Governor,,UNDER VOTES,71
House 8,Governor,DEM,Lupe Valdez,4563
House 8,Governor,LIB,Mark Jay Tippetts,240
House 8,Governor,REP,Greg Abbott,19289
House 9,Governor,,Greg Abbott,6132
House 9,Governor,,Lupe Valdez,1366
House 9,Governor,,Mark Jay Tippetts,44
House 9,Governor,,Over Votes,6
House 9,Governor,,Under Votes,145
House 9,Governor,DEM,Lupe Valdez,7962
House 9,Governor,LIB,Mark Jay Tippetts,331
House 9,Governor,REP,Greg Abbott,26967
House 10,Governor,,Over Votes,0
House 10,Governor,,Under Votes,46
House 10,Governor,DEM,Lupe Valdez,16637
House 10,Governor,LIB,Mark Jay Tippetts,1026
House 10,Governor,REP,Greg Abbott,46961
House 11,Governor,,Over Votes,4
House 11,Governor,,Under Votes,285
House 11,Governor,DEM,Lupe Valdez,13014
House 11,Governor,LIB,Mark Jay Tippetts,565
House 11,Governor,REP,Greg Abbott,39218
House 12,Governor,,OVER VOTES,1
House 12,Governor,,Over Votes,0
House 12,Governor,,UNDER VOTES,124
House 12,Governor,,Under Votes,294
House 12,Governor,DEM,Lupe Valdez,13699
House 12,Governor,LIB,Mark Jay Tippetts,537
House 12,Governor,REP,Greg Abbott,30575
House 13,Governor,,Greg Abbott,6674
House 13,Governor,,Lupe Valdez,1855
House 13,Governor,,Mark Jay Tippetts,102
House 13,Governor,,OVER VOTES,2
House 13,Governor,,Over Votes,0
House 13,Governor,,UNDER VOTES,149
House 13,Governor,,Under Votes,126
House 13,Governor,DEM,Lupe Valdez,7462
House 13,Governor,LIB,Mark Jay Tippetts,462
House 13,Governor,REP,Greg Abbott,30787
House 14,Governor,,Over Votes,0
House 14,Governor,,Under Votes,536
House 14,Governor,DEM,Lupe Valdez,19856
House 14,Governor,LIB,Mark Jay Tippetts,1124
House 14,Governor,REP,Greg Abbott,27496
House 15,Governor,,Over Votes,1
House 15,Governor,,Under Votes,528
House 15,Governor,DEM,Lupe Valdez,19381
House 15,Governor,LIB,Mark Jay Tippetts,1074
House 15,Governor,REP,Greg Abbott,48113
House 16,Governor,,Over Votes,0
House 16,Governor,,Under Votes,478
House 16,Governor,DEM,Lupe Valdez,11042
House 16,Governor,LIB,Mark Jay Tippetts,729
House 16,Governor,REP,Greg Abbott,47473
House 17,Governor,,Overvotes,0
House 17,Governor,,Under Votes,39
House 17,Governor,DEM,Lupe Valdez,17103
House 17,Governor,IND,Mark Jay Tippetts,50
House 17,Governor,LIB,Mark Jay Tippetts,922
House 17,Governor,REP,Greg Abbott,31731
House 18,Governor,,Over Votes,1
House 18,Governor,,Under Votes,150
House 18,Governor,DEM,Lupe Valdez,10676
House 18,Governor,LIB,Mark Jay Tippetts,553
House 18,Governor,REP,Greg Abbott,36448
House 19,Governor,,Over Votes,0
House 19,Governor,,Under Votes,115
House 19,Governor,DEM,Lupe Valdez,9538
House 19,Governor,LIB,Mark Jay Tippetts,557
House 19,Governor,REP,Greg Abbott,50240
House 20,Governor,,Over Votes,0
House 20,Governor,,Under Votes,164
House 20,Governor,DEM,Lupe Valdez,4588
House 20,Governor,LIB,Mark Jay Tippetts,381
House 20,Governor,REP,Greg Abbott,17400
House 21,Governor,,OVER VOTES,3
House 21,Governor,,UNDER VOTES,120
House 21,Governor,DEM,Lupe Valdez,4348
House 21,Governor,LIB,Mark Jay Tippetts,214
House 21,Governor,REP,Greg Abbott,21724
House 25,Governor,,Over Votes,0
House 25,Governor,,Under Votes,201
House 25,Governor,DEM,Lupe Valdez,10633
House 25,Governor,LIB,Mark Jay Tippetts,579
House 25,Governor,REP,Greg Abbott,30184
House 26,Governor,,Over Votes,0
House 26,Governor,,Under Votes,552
House 26,Governor,DEM,Lupe Valdez,16602
House 26,Governor,LIB,Mark Jay Tippetts,566
House 26,Governor,REP,Greg Abbott,22600
House 27,Governor,,Over Votes,1
House 27,Governor,,Under Votes,333
House 27,Governor,DEM,Lupe Valdez,13178
House 27,Governor,LIB,Mark Jay Tippetts,467
House 27,Governor,REP,Greg Abbott,14230
House 28,Governor,,Over Votes,0
House 28,Governor,,Under Votes,19
House 28,Governor,DEM,Lupe Valdez,879
House 28,Governor,LIB,Mark Jay Tippetts,16
House 28,Governor,REP,Greg Abbott,432
House 29,Governor,,Over Votes,0
House 29,Governor,,Under Votes,365
House 29,Governor,DEM,Lupe Valdez,28903
House 29,Governor,LIB,Mark Jay Tippetts,1058
House 29,Governor,REP,Greg Abbott,40189
House 30,Governor,,Cast Votes:,6119
House 30,Governor,,Overvotes:,0
House 30,Governor,,Undervotes:,56
House 30,Governor,DEM,Lupe Valdez,3356
House 30,Governor,LIB,Mark Jay Tippetts,218
House 30,Governor,REP,Greg Abbott,14587
House 31,Governor,,Ballots Cast,3958
House 31,Governor,,Over Votes,2
House 31,Governor,,Under Votes,425
House 31,Governor,DEM,Lupe Valdez,14119
House 31,Governor,LIB,Mark Jay Tippetts,285
House 31,Governor,LIB,Mark Jay Tippetts ,3
House 31,Governor,REP,Greg Abbott,13881
House 31,Governor,REP,Gregg Abbott,499
House 33,Governor,,OVER VOTES,6
House 33,Governor,,UNDER VOTES,534
House 33,Governor,DEM,Lupe Valdez,26831
House 33,Governor,LIB,Mark Jay Tippetts,1400
House 33,Governor,REP,Greg Abbott,56584
House 35,Governor,,Over Votes,7
House 35,Governor,,Under Votes,252
House 35,Governor,DEM,Lupe Valdez,6778
House 35,Governor,LIB,Mark Jay Tippetts,174
House 35,Governor,REP,Greg Abbott,8320
House 37,Governor,,Over Votes,10
House 37,Governor,,Under Votes,858
House 37,Governor,DEM,Lupe Valdez,15640
House 37,Governor,LIB,Mark Jay Tippetts,446
House 37,Governor,REP,Greg Abbott,10928
House 38,Governor,,Over Votes,16
House 38,Governor,,Under Votes,598
House 38,Governor,DEM,Lupe Valdez,16108
House 38,Governor,LIB,Mark Jay Tippetts,399
House 38,Governor,REP,Greg Abbott,12947
House 43,Governor,,Over Votes,1
House 43,Governor,,Under Votes,226
House 43,Governor,DEM,Lupe  Valdez,2210
House 43,Governor,DEM,Lupe Valdez,8834
House 43,Governor,LIB,Mark Jay Tippetts,376
House 43,Governor,REP,Greg  Abbott,4523
House 43,Governor,REP,Greg Abbott,15727
House 44,Governor,,Under Votes,369
House 44,Governor,DEM,Lupe Valdez,17265
House 44,Governor,LIB,Mark Jay Tippetts,854
House 44,Governor,REP,Greg Abbott,36284
House 45,Governor,DEM,Lupe Valdez,39487
House 45,Governor,Greg Abbott,REP,4327
House 45,Governor,LIB,Mark Jay Tippetts,2144
House 45,Governor,Lupe Valdez,DEM,1349
House 45,Governor,Mark Jay Tippetts ,LIB,115
House 45,Governor,REP,Greg Abbott,37895
House 53,Governor,,OVER VOTES,0
House 53,Governor,,Over Votes,0
House 53,Governor,,UNDER VOTES,27
House 53,Governor,,Under Votes,274
House 53,Governor,DEM,Lupe  Valdez,377
House 53,Governor,DEM,Lupe Valdez,7016
House 53,Governor,LIB,Mark Jay Tippetts,506
House 53,Governor,LIB,Mary Jay Tippetts,23
House 53,Governor,REP,Greg  Abbott,1916
House 53,Governor,REP,Greg Abbott,31322
House 54,Governor,,Over Votes,3
House 54,Governor,,Under Votes,258
House 54,Governor,DEM,Lupe Valdez,21323
House 54,Governor,LIB,Mark Jay Tippetts,819
House 54,Governor,REP,Greg Abbott,26556
House 55,Governor,,Over Votes,0
House 55,Governor,,Under Votes,246
House 55,Governor,DEM,Lupe Valdez,13823
House 55,Governor,LIB,Mark Jay Tippetts,720
House 55,Governor,REP,Greg Abbott,30674
House 56,Governor,,Over Votes,0
House 56,Governor,,Under Votes,586
House 56,Governor,DEM,Lupe Valdez,17466
House 56,Governor,LIB,Mark Jay Tippetts,882
House 56,Governor,REP,Greg Abbott,39759
House 57,Governor,,OVER VOTES,0
House 57,Governor,,UNDER VOTES,237
House 57,Governor,DEM,Lupe Valdez,11039
House 57,Governor,LIB,Mark Jay Tippetts,435
House 57,Governor,REP,Greg Abbott,40811
House 59,Governor,DEM,Lupe  Valdez,705
House 59,Governor,DEM,Lupe Valdez,2073
House 59,Governor,DEM,Lupe Valdez ,657
House 59,Governor,LIB,Mark Jay Tippetts,227
House 59,Governor,LIB,Mark Jay Tippetts ,46
House 59,Governor,REP,Greg  Abbott,4932
House 59,Governor,REP,Greg Abbott,10356
House 59,Governor,REP,Greg Abbott ,4722
House 60,Governor,,Cast Votes,18860
House 60,Governor,,Overvotes,0
House 60,Governor,,Undervotes,108
House 60,Governor,DEM,Lupe Valdez,5489
House 60,Governor,LIB,Mark Jay Tippetts,412
House 60,Governor,REP,Greg Abbott,32430
House 60,Governor,REP,Gregg Abbott,2774
House 61,Governor,,Over Votes,0
House 61,Governor,,Under Votes,682
House 61,Governor,DEM,Lupe Valdez,11283
House 61,Governor,LIB,Mark Jay Tippetts,1048
House 61,Governor,REP,Greg Abbott,65614
House 62,Governor,,Greg Abbott,1606
House 62,Governor,,Lupe Valdez,301
House 62,Governor,,Mark Jay Tippetts,29
House 62,Governor,,Over Votes,0
House 62,Governor,,Under Votes,20
House 62,Governor,DEM,LUPE VALDEZ,1767
House 62,Governor,DEM,Lupe Valdez,9857
House 62,Governor,LIB,MARK JAY TIPPETTS,131
House 62,Governor,LIB,Mark Jay Tippetts,608
House 62,Governor,REP,GREG ABBOTT,8856
House 62,Governor,REP,Greg Abbott,32562
House 62,Governor,REP,Over Votes,0
House 62,Governor,REP,Under Votes,93
House 63,Governor,,Over Votes,9
House 63,Governor,,Under Votes,426
House 63,Governor,DEM,Lupe Valdez,21775
House 63,Governor,LIB,Mark Jay Tippetts,1409
House 63,Governor,REP,Greg Abbott,49156
House 64,Governor,,Over Votes,9
House 64,Governor,,Under Votes,454
House 64,Governor,DEM,Lupe Valdez,29164
House 64,Governor,LIB,Mark Jay Tippetts,1502
House 64,Governor,REP,Greg Abbott,34521
House 65,Governor,,Over Votes,9
House 65,Governor,,Under Votes,357
House 65,Governor,DEM,Lupe Valdez,27006
House 65,Governor,LIB,Mark Jay Tippetts,1368
House 65,Governor,REP,Greg Abbott,29886
House 66,Governor,,OVER VOTES,7
House 66,Governor,,UNDER VOTES,721
House 66,Governor,DEM,Lupe Valdez,30668
House 66,Governor,LIB,Mark Jay Tippetts,1262
House 66,Governor,REP,Greg Abbott,37534
House 67,Governor,,OVER VOTES,8
House 67,Governor,,UNDER VOTES,785
House 67,Governor,DEM,Lupe Valdez,33094
House 67,Governor,LIB,Mark Jay Tippetts,1481
House 67,Governor,REP,Greg Abbott,39751
House 68,Governor,,OVER VOTES,1
House 68,Governor,,Over Votes,0
House 68,Governor,,UNDER VOTES,37
House 68,Governor,,Under Votes,15
House 68,Governor,DEM,Lupe  Valdez,332
House 68,Governor,DEM,Lupe Valdez,4908
House 68,Governor,Dem,Lupe Valdez,217
House 68,Governor,LIB,Mark Jay Tippetts,442
House 68,Governor,LIB,Mark Jay Tippetts ,11
House 68,Governor,Lib,Mark Jay Tippetts,14
House 68,Governor,REP,Greg  Abbott,2147
House 68,Governor,REP,Greg Abbott,21596
House 68,Governor,REP,Greg Abbott ,12284
House 68,Governor,REP,Gregg Abbott,182
House 68,Governor,Rep,Greg Abbott,877
House 69,Governor,,Greg Abbott,331
House 69,Governor,,Lupe Valdez,101
House 69,Governor,,Mark Jay Tippetts,4
House 69,Governor,,OVER VOTES,0
House 69,Governor,,Over Votes,0
House 69,Governor,,UNDER VOTES,42
House 69,Governor,,Under Votes,374
House 69,Governor,DEM,Lupe  Valdez,217
House 69,Governor,DEM,Lupe Valdez,9515
House 69,Governor,LIB,Mark Jay Tippetts,573
House 69,Governor,REP,Greg  Abbott,866
House 69,Governor,REP,Greg Abbott,32975
House 70,Governor,,OVER VOTES,3
House 70,Governor,,UNDER VOTES,729
House 70,Governor,DEM,Lupe Valdez,29576
House 70,Governor,LIB,Mark Jay Tippetts,1481
House 70,Governor,REP,Greg Abbott,55977
House 71,Governor,,OVER VOTES,3
House 71,Governor,,Over Votes,0
House 71,Governor,,UNDER VOTES,46
House 71,Governor,,Under Votes,330
House 71,Governor,DEM,Lupe Valdez,9722
House 71,Governor,LIB,Mark Jay Tippetts,697
House 71,Governor,REP,Greg Abbott,32069
House 72,Governor,,Cast Votes,488
House 72,Governor,,Over Votes,0
House 72,Governor,,Overvotes,0
House 72,Governor,,Under Votes,5
House 72,Governor,,Undervotes,4
House 72,Governor,DEM,Lupe Valdez,2544
House 72,Governor,LIB,Mark Jay Tippetts,198
House 72,Governor,REP,Greg Abbott,10650
House 73,Governor,,OVER VOTES,0
House 73,Governor,,UNDER VOTES,115
House 73,Governor,DEM,Lupe Valdez,18028
House 73,Governor,LIB,Mark Jay Tippetts,1359
House 73,Governor,REP,Greg Abbott,62711
House 73,Governor,REP,Gregg Abbott,3380
House 74,Governor,DEM,Lupe Valdez,3942
House 74,Governor,LIB,Mark Jay Tippetts,194
House 74,Governor,REP,Greg Abbott,6303
House 80,Governor,DEM,Lupe Valdez,4656
House 80,Governor,LIB,Mark Jay Tippetts,88
House 80,Governor,REP,Greg Abbott,3674
House 81,Governor,,Over Votes,1
House 81,Governor,,Under Votes,480
House 81,Governor,DEM,Lupe  Valdez,284
House 81,Governor,DEM,Lupe Valdez,9588
House 81,Governor,LIB,Mark Jay Tippetts,504
House 81,Governor,REP,Greg  Abbott,1150
House 81,Governor,REP,Greg Abbott,27535
House 82,Governor,,OVER VOTES,0
House 82,Governor,,UNDER VOTES,14
House 82,Governor,DEM,Lupe Valdez,8897
House 82,Governor,LIB,Mark Jay Tippetts,724
House 82,Governor,REP,Greg Abbott,36921
House 83,Governor,,OVER VOTES,0
House 83,Governor,,Over Votes,0
House 83,Governor,,UNDER VOTES,34
House 83,Governor,,Under Votes,376
House 83,Governor,DEM,Lupe Valdez,10808
House 83,Governor,LIB,Mark Jay Tippetts,1032
House 83,Governor,REP,Greg Abbott,41179
House 84,Governor,,Over Votes,0
House 84,Governor,,Under Votes,463
House 84,Governor,DEM,Lupe Valdez,17481
House 84,Governor,LIB,Mark Jay Tippetts,1192
House 84,Governor,REP,Greg Abbott,28096
House 85,Governor,,Over Votes,0
House 85,Governor,,Under Votes,209
House 85,Governor,DEM,Lupe Valdez,7967
House 85,Governor,LIB,Mark Jay Tippetts,245
House 85,Governor,REP,Greg Abbott,9413
House 86,Governor,,Gregg Abbott,2788
House 86,Governor,,Lupe Valdez,957
House 86,Governor,,Mark Jay Tippetts ,28
House 86,Governor,,OVER VOTES,0
House 86,Governor,,UNDER VOTES,4
House 86,Governor,DEM,Lupe  Valdez,420
House 86,Governor,DEM,Lupe Valdez,8380
House 86,Governor,LIB,Mark Jay Tippetts,757
House 86,Governor,REP,Greg  Abbott,2359
House 86,Governor,REP,Greg Abbott,42787
House 87,Governor,,OVER VOTES,0
House 87,Governor,,Over Votes,0
House 87,Governor,,UNDER VOTES,19
House 87,Governor,,Under Votes,163
House 87,Governor,DEM,Lupe Valdez,8320
House 87,Governor,LIB,Mark Jay Tippetts,544
House 87,Governor,REP,Greg Abbott,28650
House 88,Governor,,OVER VOTES,0
House 88,Governor,,Over Votes,0
House 88,Governor,,UNDER VOTES,95
House 88,Governor,,Under Votes,76
House 88,Governor,DEM,Lupe  Valdez,1028
House 88,Governor,DEM,Lupe Valdez,4284
House 88,Governor,LIB,Mark Jay Tippetts,460
House 88,Governor,LIB,Mark Jay Tippetts ,26
House 88,Governor,REP,Greg  Abbott,4949
House 88,Governor,REP,Greg Abbott,24549
House 88,Governor,REP,Gregg Abbott,550
House 88,Governor,REP,Over Votes,1
House 88,Governor,REP,Under Votes,50
House 89,Governor,,OVER VOTES,2
House 89,Governor,,UNDER VOTES,690
House 89,Governor,DEM,Lupe Valdez,28399
House 89,Governor,LIB,Mark Jay Tippetts,1442
House 89,Governor,REP,Greg Abbott,46785
House 90,Governor,,Over Votes,1
House 90,Governor,,Under Votes,467
House 90,Governor,DEM,Lupe Valdez,17630
House 90,Governor,LIB,Mark Jay Tippetts,326
House 90,Governor,REP,Greg Abbott,5506
House 91,Governor,,Over Votes,4
House 91,Governor,,Under Votes,544
House 91,Governor,DEM,Lupe Valdez,18737
House 91,Governor,LIB,Mark Jay Tippetts,1093
House 91,Governor,REP,Greg Abbott,35653
House 92,Governor,,Over Votes,2
House 92,Governor,,Under Votes,587
House 92,Governor,DEM,Lupe Valdez,25283
House 92,Governor,LIB,Mark Jay Tippetts,1241
House 92,Governor,REP,Greg Abbott,33790
House 93,Governor,,Over Votes,4
House 93,Governor,,Under Votes,449
House 93,Governor,DEM,Lupe Valdez,21678
House 93,Governor,LIB,Mark Jay Tippetts,926
House 93,Governor,REP,Greg Abbott,25914
House 94,Governor,,Over Votes,2
House 94,Governor,,Under Votes,602
House 94,Governor,DEM,Lupe Valdez,24301
House 94,Governor,LIB,Mark Jay Tippetts,1248
House 94,Governor,REP,Greg Abbott,34758
House 95,Governor,,Over Votes,3
House 95,Governor,,Under Votes,516
House 95,Governor,DEM,Lupe Valdez,31582
House 95,Governor,LIB,Mark Jay Tippetts,696
House 95,Governor,REP,Greg Abbott,11199
House 96,Governor,,Over Votes,2
House 96,Governor,,Under Votes,562
House 96,Governor,DEM,Lupe Valdez,28446
House 96,Governor,LIB,Mark Jay Tippetts,1065
House 96,Governor,REP,Greg Abbott,35290
House 97,Governor,,Over Votes,7
House 97,Governor,,Under Votes,583
House 97,Governor,DEM,Lupe Valdez,23605
House 97,Governor,LIB,Mark Jay Tippetts,1162
House 97,Governor,REP,Greg Abbott,33157
House 98,Governor,,Over Votes,2
House 98,Governor,,Under Votes,556
House 98,Governor,DEM,Lupe Valdez,17095
House 98,Governor,LIB,Mark Jay Tippetts,1122
House 98,Governor,REP,Greg Abbott,46750
House 99,Governor,,Over Votes,0
House 99,Governor,,Under Votes,21
House 99,Governor,DEM,Lupe Valdez,870
House 99,Governor,LIB,Mark Jay Tippetts,33
House 99,Governor,REP,Greg Abbott,876
House 100,Governor,,Over Votes,8
House 100,Governor,,Under Votes,437
House 100,Governor,DEM,Lupe Valdez,30826
House 100,Governor,LIB,Mark Jay Tippetts,989
House 100,Governor,REP,Greg Abbott,9706
House 101,Governor,,Over Votes,2
House 101,Governor,,Under Votes,193
House 101,Governor,DEM,Lupe Valdez,9157
House 101,Governor,LIB,Mark Jay Tippetts,234
House 101,Governor,REP,Greg Abbott,4444
House 102,Governor,,Over Votes,5
House 102,Governor,,Under Votes,638
House 102,Governor,DEM,Lupe Valdez,28728
House 102,Governor,LIB,Mark Jay Tippetts,1329
House 102,Governor,REP,Greg Abbott,27230
House 103,Governor,,Over Votes,17
House 103,Governor,,Under Votes,501
House 103,Governor,DEM,Lupe Valdez,28660
House 103,Governor,LIB,Mark Jay Tippetts,763
House 103,Governor,REP,Greg Abbott,9624
House 104,Governor,,Over Votes,6
House 104,Governor,,Under Votes,412
House 104,Governor,DEM,Lupe Valdez,24173
House 104,Governor,LIB,Mark Jay Tippetts,504
House 104,Governor,REP,Greg Abbott,7076
House 105,Governor,,Over Votes,5
House 105,Governor,,Under Votes,495
House 105,Governor,DEM,Lupe Valdez,23822
House 105,Governor,LIB,Mark Jay Tippetts,841
House 105,Governor,REP,Greg Abbott,20714
House 106,Governor,,Over Votes,10
House 106,Governor,,Under Votes,421
House 106,Governor,DEM,Lupe Valdez,28756
House 106,Governor,LIB,Mark Jay Tippetts,1514
House 106,Governor,REP,Greg Abbott,46591
House 107,Governor,,Over Votes,3
House 107,Governor,,Under Votes,504
House 107,Governor,DEM,Lupe Valdez,26658
House 107,Governor,LIB,Mark Jay Tippetts,1077
House 107,Governor,REP,Greg Abbott,23768
House 108,Governor,,Over Votes,3
House 108,Governor,,Under Votes,1049
House 108,Governor,DEM,Lupe Valdez,36979
House 108,Governor,LIB,Mark Jay Tippetts,2019
House 108,Governor,REP,Greg Abbott,41426
House 109,Governor,,Over Votes,8
House 109,Governor,,Under Votes,476
House 109,Governor,DEM,Lupe Valdez,47617
House 109,Governor,LIB,Mark Jay Tippetts,1249
House 109,Governor,REP,Greg Abbott,12160
House 110,Governor,,Over Votes,6
House 110,Governor,,Under Votes,345
House 110,Governor,DEM,Lupe Valdez,25773
House 110,Governor,LIB,Mark Jay Tippetts,490
House 110,Governor,REP,Greg Abbott,4375
House 111,Governor,,Over Votes,10
House 111,Governor,,Under Votes,475
House 111,Governor,DEM,Lupe Valdez,40003
House 111,Governor,LIB,Mark Jay Tippetts,1019
House 111,Governor,REP,Greg Abbott,13150
House 112,Governor,,Over Votes,5
House 112,Governor,,Under Votes,507
House 112,Governor,DEM,Lupe Valdez,25464
House 112,Governor,LIB,Mark Jay Tippetts,1079
House 112,Governor,REP,Greg Abbott,27038
House 113,Governor,,Over Votes,7
House 113,Governor,,Under Votes,383
House 113,Governor,DEM,Lupe Valdez,26256
House 113,Governor,LIB,Mark Jay Tippetts,946
House 113,Governor,REP,Greg Abbott,25996
House 114,Governor,,Over Votes,3
House 114,Governor,,Under Votes,755
House 114,Governor,DEM,Lupe Valdez,31696
House 114,Governor,LIB,Mark Jay Tippetts,1540
House 114,Governor,REP,Greg Abbott,33892
House 115,Governor,,Over Votes,2
House 115,Governor,,Under Votes,621
House 115,Governor,DEM,Lupe Valdez,28553
House 115,Governor,LIB,Mark Jay Tippetts,1185
House 115,Governor,REP,Greg Abbott,27504
House 116,Governor,,OVER VOTES,1
House 116,Governor,,UNDER VOTES,470
House 116,Governor,DEM,Lupe Valdez,28979
House 116,Governor,LIB,Mark Tippetts,924
House 116,Governor,REP,Greg Abbott,15894
House 117,Governor,,OVER VOTES,0
House 117,Governor,,UNDER VOTES,447
House 117,Governor,DEM,Lupe Valdez,27259
House 117,Governor,LIB,Mark Tippetts,937
House 117,Governor,REP,Greg Abbott,24716
House 118,Governor,,OVER VOTES,1
House 118,Governor,,UNDER VOTES,477
House 118,Governor,DEM,Lupe Valdez,21934
House 118,Governor,LIB,Mark Tippetts,624
House 118,Governor,REP,Greg Abbott,19131
House 119,Governor,,OVER VOTES,0
House 119,Governor,,UNDER VOTES,432
House 119,Governor,DEM,Lupe Valdez,24586
House 119,Governor,LIB,Mark Tippetts,648
House 119,Governor,REP,Greg Abbott,17379
House 120,Governor,,OVER VOTES,1
House 120,Governor,,UNDER VOTES,432
House 120,Governor,DEM,Lupe Valdez,26044
House 120,Governor,LIB,Mark Tippetts,791
House 120,Governor,REP,Greg Abbott,15750
House 121,Governor,,OVER VOTES,0
House 121,Governor,,UNDER VOTES,623
House 121,Governor,DEM,Lupe Valdez,30933
House 121,Governor,LIB,Mark Tippetts,1499
House 121,Governor,REP,Greg Abbott,41224
House 122,Governor,,OVER VOTES,0
House 122,Governor,,UNDER VOTES,644
House 122,Governor,DEM,Lupe Valdez,34134
House 122,Governor,LIB,Mark Tippetts,1628
House 122,Governor,REP,Greg Abbott,58936
House 123,Governor,,OVER VOTES,0
House 123,Governor,,UNDER VOTES,594
House 123,Governor,DEM,Lupe Valdez,31149
House 123,Governor,LIB,Mark Tippetts,958
House 123,Governor,REP,Greg Abbott,17120
House 124,Governor,,OVER VOTES,0
House 124,Governor,,UNDER VOTES,445
House 124,Governor,DEM,Lupe Valdez,27940
House 124,Governor,LIB,Mark Tippetts,861
House 124,Governor,REP,Greg Abbott,17984
House 125,Governor,,OVER VOTES,1
House 125,Governor,,UNDER VOTES,519
House 125,Governor,DEM,Lupe Valdez,28298
House 125,Governor,LIB,Mark Tippetts,835
House 125,Governor,REP,Greg Abbott,18805
House 126,Governor,,OVERVOTES,1
House 126,Governor,,UNDERVOTES,494
House 126,Governor,DEM,Lupe Valdez,23752
House 126,Governor,LIB,Mark Jay Tippetts,759
House 126,Governor,REP,Greg Abbott,31357
House 127,Governor,,OVERVOTES,1
House 127,Governor,,UNDERVOTES,455
House 127,Governor,DEM,Lupe Valdez,23822
House 127,Governor,LIB,Mark Jay Tippetts,918
House 127,Governor,REP,Greg Abbott,44056
House 128,Governor,,OVERVOTES,0
House 128,Governor,,UNDERVOTES,343
House 128,Governor,DEM,Lupe Valdez,15223
House 128,Governor,LIB,Mark Jay Tippetts,657
House 128,Governor,REP,Greg Abbott,36535
House 129,Governor,,OVERVOTES,1
House 129,Governor,,UNDERVOTES,568
House 129,Governor,DEM,Lupe Valdez,25512
House 129,Governor,LIB,Mark Jay Tippetts,1080
House 129,Governor,REP,Greg Abbott,38705
House 130,Governor,,OVERVOTES,0
House 130,Governor,,UNDERVOTES,471
House 130,Governor,DEM,Lupe Valdez,21776
House 130,Governor,LIB,Mark Jay Tippetts,1037
House 130,Governor,REP,Greg Abbott,53923
House 131,Governor,,OVERVOTES,3
House 131,Governor,,UNDERVOTES,515
House 131,Governor,DEM,Lupe Valdez,33895
House 131,Governor,LIB,Mark Jay Tippetts,479
House 131,Governor,REP,Greg Abbott,7753
House 132,Governor,,OVERVOTES,1
House 132,Governor,,UNDERVOTES,487
House 132,Governor,DEM,Lupe Valdez,31028
House 132,Governor,LIB,Mark Jay Tippetts,925
House 132,Governor,REP,Greg Abbott,35072
House 133,Governor,,OVERVOTES,3
House 133,Governor,,UNDERVOTES,713
House 133,Governor,DEM,Lupe Valdez,26444
House 133,Governor,LIB,Mark Jay Tippetts,1281
House 133,Governor,REP,Greg Abbott,44436
House 134,Governor,,OVERVOTES,1
House 134,Governor,,UNDERVOTES,1251
House 134,Governor,DEM,Lupe Valdez,45424
House 134,Governor,LIB,Mark Jay Tippetts,1975
House 134,Governor,REP,Greg Abbott,42755
House 135,Governor,,OVERVOTES,3
House 135,Governor,,UNDERVOTES,436
House 135,Governor,DEM,Lupe Valdez,26674
House 135,Governor,LIB,Mark Jay Tippetts,856
House 135,Governor,REP,Greg Abbott,28839
House 137,Governor,,OVERVOTES,0
House 137,Governor,,UNDERVOTES,323
House 137,Governor,DEM,Lupe Valdez,15771
House 137,Governor,LIB,Mark Jay Tippetts,398
House 137,Governor,REP,Greg Abbott,8260
House 138,Governor,,OVERVOTES,1
House 138,Governor,,UNDERVOTES,511
House 138,Governor,DEM,Lupe Valdez,22756
House 138,Governor,LIB,Mark Jay Tippetts,839
House 138,Governor,REP,Greg Abbott,25237
House 139,Governor,,OVERVOTES,2
House 139,Governor,,UNDERVOTES,526
House 139,Governor,DEM,Lupe Valdez,34327
House 139,Governor,LIB,Mark Jay Tippetts,665
House 139,Governor,REP,Greg Abbott,12432
House 140,Governor,,OVERVOTES,0
House 140,Governor,,UNDERVOTES,393
House 140,Governor,DEM,Lupe Valdez,17317
House 140,Governor,LIB,Mark Jay Tippetts,207
House 140,Governor,REP,Greg Abbott,6203
House 141,Governor,,OVERVOTES,1
House 141,Governor,,UNDERVOTES,338
House 141,Governor,DEM,Lupe Valdez,26092
House 141,Governor,LIB,Mark Jay Tippetts,327
House 141,Governor,REP,Greg Abbott,5130
House 142,Governor,,OVERVOTES,5
House 142,Governor,,UNDERVOTES,399
House 142,Governor,DEM,Lupe Valdez,29206
House 142,Governor,LIB,Mark Jay Tippetts,476
House 142,Governor,REP,Greg Abbott,10257
House 143,Governor,,OVERVOTES,0
House 143,Governor,,UNDERVOTES,446
House 143,Governor,DEM,Lupe Valdez,19794
House 143,Governor,LIB,Mark Jay Tippetts,263
House 143,Governor,REP,Greg Abbott,8787
House 144,Governor,,OVERVOTES,0
House 144,Governor,,UNDERVOTES,338
House 144,Governor,DEM,Lupe Valdez,13448
House 144,Governor,LIB,Mark Jay Tippetts,255
House 144,Governor,REP,Greg Abbott,9827
House 145,Governor,,OVERVOTES,2
House 145,Governor,,UNDERVOTES,436
House 145,Governor,DEM,Lupe Valdez,21688
House 145,Governor,LIB,Mark Jay Tippetts,495
House 145,Governor,REP,Greg Abbott,10984
House 146,Governor,,OVERVOTES,5
House 146,Governor,,UNDERVOTES,552
House 146,Governor,DEM,Lupe Valdez,33147
House 146,Governor,LIB,Mark Jay Tippetts,645
House 146,Governor,REP,Greg Abbott,9957
House 147,Governor,,OVERVOTES,5
House 147,Governor,,UNDERVOTES,536
House 147,Governor,DEM,Lupe Valdez,42380
House 147,Governor,LIB,Mark Jay Tippetts,1018
House 147,Governor,REP,Greg Abbott,12261
House 148,Governor,,OVERVOTES,3
House 148,Governor,,UNDERVOTES,688
House 148,Governor,DEM,Lupe Valdez,29336
House 148,Governor,LIB,Mark Jay Tippetts,1071
House 148,Governor,REP,Greg Abbott,17932
House 149,Governor,,OVERVOTES,3
House 149,Governor,,UNDERVOTES,553
House 149,Governor,DEM,Lupe Valdez,23344
House 149,Governor,LIB,Mark Jay Tippetts,514
House 149,Governor,REP,Greg Abbott,15383
House 150,Governor,,OVERVOTES,0
House 150,Governor,,UNDERVOTES,507
House 150,Governor,DEM,Lupe Valdez,26648
House 150,Governor,LIB,Mark Jay Tippetts,954
House 150,Governor,REP,Greg Abbott,43738
Senate 1,Governor,,Over Votes,6
Senate 1,Governor,,Under Votes,233
Senate 1,Governor,DEM,Lupe Valdez,63035
Senate 1,Governor,LIB,Mark Jay Tippetts,2742
Senate 1,Governor,LIB,Mark Jay Tippetts ,98
Senate 1,Governor,REP,Greg Abbott,181275
Senate 1,Governor,REP,Gregg Abbott,5761
Senate 2,Governor,,Cast Votes,8814
Senate 2,Governor,,Greg Abbott,1606
Senate 2,Governor,,Lupe Valdez,301
Senate 2,Governor,,Mark Jay Tippetts,29
Senate 2,Governor,,OVER VOTES,2
Senate 2,Governor,,Over Votes,13
Senate 2,Governor,,Overvotes,0
Senate 2,Governor,,UNDER VOTES,263
Senate 2,Governor,,Under Votes,1031
Senate 2,Governor,,Undervotes,14
Senate 2,Governor,DEM,LUPE VALDEZ,1767
Senate 2,Governor,DEM,Lupe Valdez,92695
Senate 2,Governor,LIB,MARK JAY TIPPETTS,131
Senate 2,Governor,LIB,Mark Jay Tippetts,4136
Senate 2,Governor,REP,GREG ABBOTT,8856
Senate 2,Governor,REP,Greg Abbott,156391
Senate 2,Governor,REP,Over Votes,0
Senate 2,Governor,REP,Under Votes,93
Senate 3,Governor,,Greg Abbott,6132
Senate 3,Governor,,Lupe Valdez,1366
Senate 3,Governor,,Mark Jay Tippetts,44
Senate 3,Governor,,OVER VOTES,3
Senate 3,Governor,,Over Votes,8
Senate 3,Governor,,UNDER VOTES,334
Senate 3,Governor,,Under Votes,1021
Senate 3,Governor,DEM,Lupe Valdez,51134
Senate 3,Governor,LIB,Mark Jay Tippetts,2651
Senate 3,Governor,REP,Greg Abbott,216977
Senate 4,Governor,,OVERVOTES,0
Senate 4,Governor,,Over Votes,2
Senate 4,Governor,,UNDERVOTES,405
Senate 4,Governor,,Under Votes,1088
Senate 4,Governor,DEM,Lupe Valdez,48646
Senate 4,Governor,LIB,Mark Jay Tippetts,2768
Senate 4,Governor,REP,Greg Abbott,149887
Senate 5,Governor,,Greg Abbott,6674
Senate 5,Governor,,Lupe Valdez,1855
Senate 5,Governor,,Mark Jay Tippetts,102
Senate 5,Governor,,OVER VOTES,1
Senate 5,Governor,,Over Votes,0
Senate 5,Governor,,UNDER VOTES,218
Senate 5,Governor,,Under Votes,701
Senate 5,Governor,DEM,Lupe Valdez,36029
Senate 5,Governor,LIB,Mark Jay Tippetts,1985
Senate 5,Governor,REP,Greg Abbott,81112
Senate 6,Governor,,OVERVOTES,9
Senate 6,Governor,,UNDERVOTES,1997
Senate 6,Governor,DEM,Lupe Valdez,93519
Senate 6,Governor,LIB,Mark Jay Tippetts,1538
Senate 6,Governor,REP,Greg Abbott,40727
Senate 7,Governor,,OVERVOTES,5
Senate 7,Governor,,UNDERVOTES,2336
Senate 7,Governor,DEM,Lupe Valdez,119227
Senate 7,Governor,LIB,Mark Jay Tippetts,4384
Senate 7,Governor,REP,Greg Abbott,185874
Senate 8,Governor,,OVER VOTES,23
Senate 8,Governor,,Over Votes,2
Senate 8,Governor,,UNDER VOTES,2891
Senate 8,Governor,,Under Votes,454
Senate 8,Governor,DEM,Lupe Valdez,145988
Senate 8,Governor,LIB,Mark Jay Tippetts,6529
Senate 8,Governor,REP,Greg Abbott,186618
Senate 9,Governor,,Over Votes,19
Senate 9,Governor,,Under Votes,2504
Senate 9,Governor,DEM,Lupe Valdez,106504
Senate 9,Governor,LIB,Mark Jay Tippetts,4737
Senate 9,Governor,REP,Greg Abbott,137538
Senate 10,Governor,,Over Votes,15
Senate 10,Governor,,Under Votes,3107
Senate 10,Governor,DEM,Lupe Valdez,136924
Senate 10,Governor,LIB,Mark Jay Tippetts,5168
Senate 10,Governor,REP,Greg Abbott,148751
Senate 11,Governor,,OVERVOTES,1
Senate 11,Governor,,Over Votes,0
Senate 11,Governor,,UNDERVOTES,732
Senate 11,Governor,,Under Votes,411
Senate 11,Governor,DEM,Lupe Valdez,66499
Senate 11,Governor,LIB,Mark Jay Tippetts,2713
Senate 11,Governor,REP,Greg Abbott,110160
Senate 12,Governor,,Over Votes,29
Senate 12,Governor,,Under Votes,1319
Senate 12,Governor,DEM,Lupe Valdez,84342
Senate 12,Governor,LIB,Mark Jay Tippetts,4731
Senate 12,Governor,REP,Greg Abbott,136119
Senate 13,Governor,,OVERVOTES,15
Senate 13,Governor,,UNDERVOTES,1976
Senate 13,Governor,DEM,Lupe Valdez,122763
Senate 13,Governor,LIB,Mark Jay Tippetts,2096
Senate 13,Governor,REP,Greg Abbott,30023
Senate 14,Governor,DEM,Lupe Valdez,10407
Senate 14,Governor,LIB,Mark Jay Tippetts,640
Senate 14,Governor,REP,Greg Abbott,16351
Senate 15,Governor,,OVERVOTES,5
Senate 15,Governor,,UNDERVOTES,2531
Senate 15,Governor,DEM,Lupe Valdez,144021
Senate 15,Governor,LIB,Mark Jay Tippetts,4039
Senate 15,Governor,REP,Greg Abbott,88786
Senate 16,Governor,,Over Votes,19
Senate 16,Governor,,Under Votes,3329
Senate 16,Governor,DEM,Lupe Valdez,139742
Senate 16,Governor,LIB,Mark Jay Tippetts,6382
Senate 16,Governor,REP,Greg Abbott,151690
Senate 17,Governor,,OVERVOTES,6
Senate 17,Governor,,Over Votes,1
Senate 17,Governor,,UNDERVOTES,2203
Senate 17,Governor,,Under Votes,1268
Senate 17,Governor,DEM,Lupe Valdez,138731
Senate 17,Governor,LIB,Mark Jay Tippetts,5253
Senate 17,Governor,REP,Greg Abbott,167347
Senate 18,Governor,,Cast Votes:,6119
Senate 18,Governor,,OVER VOTES,2
Senate 18,Governor,,OVERVOTES,0
Senate 18,Governor,,Over Votes,0
Senate 18,Governor,,Overvotes,0
Senate 18,Governor,,Overvotes:,0
Senate 18,Governor,,UNDER VOTES,149
Senate 18,Governor,,UNDERVOTES,99
Senate 18,Governor,,Under Votes,165
Senate 18,Governor,,Undervotes:,56
Senate 18,Governor,DEM,Lupe Valdez,24115
Senate 18,Governor,IND,Mark Jay Tippetts,50
Senate 18,Governor,LIB,Mark Jay Tippetts,1083
Senate 18,Governor,REP,Greg Abbott,72434
Senate 19,Governor,,OVER VOTES,1
Senate 19,Governor,,UNDER VOTES,1291
Senate 19,Governor,DEM,Lupe  Valdez,190
Senate 19,Governor,DEM,Lupe Valdez,85107
Senate 19,Governor,LIB,Mark Jay Tippetts,396
Senate 19,Governor,LIB,Mark Tippetts,2172
Senate 19,Governor,REP,Greg  Abbott,1158
Senate 19,Governor,REP,Greg Abbott,72217
Senate 20,Governor,,Over Votes,1
Senate 20,Governor,,Under Votes,226
Senate 20,Governor,DEM,Lupe Valdez,4635
Senate 20,Governor,LIB,Mark Jay Tippetts,74
Senate 20,Governor,LIB,Mark Jay Tippetts ,2
Senate 20,Governor,REP,Greg Abbott,4945
Senate 20,Governor,REP,Gregg Abbott,104
Senate 21,Governor,,Ballots Cast,3958
Senate 21,Governor,,OVER VOTES,0
Senate 21,Governor,,Over Votes,2
Senate 21,Governor,,UNDER VOTES,39
Senate 21,Governor,,Under Votes,522
Senate 21,Governor,DEM,Lupe  Valdez,2210
Senate 21,Governor,DEM,Lupe Valdez,36536
Senate 21,Governor,LIB,Mark Jay Tippetts,1301
Senate 21,Governor,LIB,Mark Jay Tippetts ,1
Senate 21,Governor,LIB,Mark Tippetts,34
Senate 21,Governor,REP,Greg  Abbott,4523
Senate 21,Governor,REP,Greg Abbott,42111
Senate 21,Governor,REP,Gregg Abbott,395
Senate 22,Governor,,Over Votes,0
Senate 22,Governor,,Under Votes,779
Senate 22,Governor,DEM,Lupe  Valdez,499
Senate 22,Governor,DEM,Lupe Valdez,40613
Senate 22,Governor,LIB,Mark Jay Tippetts,2096
Senate 22,Governor,REP,Greg  Abbott,3142
Senate 22,Governor,REP,Greg Abbott,92842
Senate 23,Governor,,OVER VOTES,0
Senate 23,Governor,,Over Votes,49
Senate 23,Governor,,UNDER VOTES,27
Senate 23,Governor,,Under Votes,2273
Senate 23,Governor,DEM,Lupe Valdez,176491
Senate 23,Governor,LIB,Mark Jay Tippetts,4671
Senate 23,Governor,REP,Greg Abbott,46833
Senate 24,Governor,,Over Votes,3
Senate 24,Governor,,Under Votes,1125
Senate 24,Governor,DEM,Lupe  Valdez,206
Senate 24,Governor,DEM,Lupe Valdez,51784
Senate 24,Governor,DEM,Lupe Valdez ,657
Senate 24,Governor,Greg Abbott,REP,4327
Senate 24,Governor,LIB,Mark Jay Tippetts,2935
Senate 24,Governor,LIB,Mark Jay Tippetts ,46
Senate 24,Governor,Lupe Valdez,DEM,1349
Senate 24,Governor,Mark Jay Tippetts ,LIB,115
Senate 24,Governor,REP,Greg  Abbott,1790
Senate 24,Governor,REP,Greg Abbott,125918
Senate 24,Governor,REP,Greg Abbott ,4722
Senate 24,Governor,REP,Gregg Abbott,3380
Senate 25,Governor,,OVER VOTES,0
Senate 25,Governor,,UNDER VOTES,1568
Senate 25,Governor,,Under Votes,238
Senate 25,Governor,DEM,Lupe Valdez,134618
Senate 25,Governor,LIB,Mark Jay Tippetts,3667
Senate 25,Governor,LIB,Mark Tippetts,3595
Senate 25,Governor,REP,Greg Abbott,233526
Senate 26,Governor,,OVER VOTES,3
Senate 26,Governor,,UNDER VOTES,2300
Senate 26,Governor,DEM,Lupe Valdez,130227
Senate 26,Governor,LIB,Mark Tippetts,3904
Senate 26,Governor,REP,Greg Abbott,76462
Senate 27,Governor,,Over Votes,33
Senate 27,Governor,,Under Votes,1742
Senate 27,Governor,DEM,Lupe Valdez,38583
Senate 27,Governor,LIB,Mark Jay Tippetts,1022
Senate 27,Governor,REP,Greg Abbott,32306
Senate 28,Governor,,Cast Votes,488
Senate 28,Governor,,Greg Abbott,331
Senate 28,Governor,,Lupe Valdez,101
Senate 28,Governor,,Mark Jay Tippetts,4
Senate 28,Governor,,OVER VOTES,3
Senate 28,Governor,,Over Votes,1
Senate 28,Governor,,Overvotes,0
Senate 28,Governor,,UNDER VOTES,94
Senate 28,Governor,,Under Votes,992
Senate 28,Governor,,Undervotes,4
Senate 28,Governor,DEM,Lupe  Valdez,1764
Senate 28,Governor,DEM,Lupe Valdez,38860
Senate 28,Governor,Dem,Lupe Valdez,217
Senate 28,Governor,LIB,Mark Jay Tippetts,3013
Senate 28,Governor,LIB,Mark Jay Tippetts ,4
Senate 28,Governor,LIB,Mary Jay Tippetts,23
Senate 28,Governor,Lib,Mark Jay Tippetts,14
Senate 28,Governor,REP,Greg  Abbott,8720
Senate 28,Governor,REP,Greg Abbott,108552
Senate 28,Governor,REP,Gregg Abbott,2956
Senate 28,Governor,Rep,Greg Abbott,877
Senate 29,Governor,DEM,Lupe Valdez,407
Senate 29,Governor,LIB,Mark Jay Tippetts,39
Senate 29,Governor,REP,Greg Abbott,719
Senate 30,Governor,,Cast Votes,18860
Senate 30,Governor,,OVER VOTES,4
Senate 30,Governor,,Over Votes,8
Senate 30,Governor,,Overvotes,0
Senate 30,Governor,,UNDER VOTES,502
Senate 30,Governor,,Under Votes,1384
Senate 30,Governor,,Undervotes,108
Senate 30,Governor,DEM,Lupe Valdez,77438
Senate 30,Governor,LIB,Mark Jay Tippetts,4923
Senate 30,Governor,REP,Greg Abbott,237525
Senate 30,Governor,REP,Greg Abbott ,12284
Senate 31,Governor,,Gregg Abbott,2788
Senate 31,Governor,,Lupe Valdez,957
Senate 31,Governor,,Mark Jay Tippetts ,28
Senate 31,Governor,,OVER VOTES,0
Senate 31,Governor,,Over Votes,0
Senate 31,Governor,,UNDER VOTES,118
Senate 31,Governor,,Under Votes,680
Senate 31,Governor,DEM,Lupe  Valdez,704
Senate 31,Governor,DEM,Lupe Valdez,38979
Senate 31,Governor,LIB,Mark Jay Tippetts,2900
Senate 31,Governor,LIB,Mark Jay Tippetts ,33
Senate 31,Governor,REP,Greg  Abbott,3509
Senate 31,Governor,REP,Greg Abbott,164285
Senate 31,Governor,REP,Gregg Abbott,550
Senate 31,Governor,REP,Over Votes,1
Senate 31,Governor,REP,Under Votes,50
House 1,Lieutenant Governor,DEM,Mike Collier,8754
House 1,Lieutenant Governor,LIB,Kerry Douglas McKennon,549
House 1,Lieutenant Governor,REP,Dan Patrick,23446
House 2,Lieutenant Governor,DEM,Mike Collier,12802
House 2,Lieutenant Governor,LIB,Kerry Douglas McKennon,992
House 2,Lieutenant Governor,REP,Dan Patrick,44203
House 3,Lieutenant Governor,,Over Votes,0
House 3,Lieutenant Governor,,Under Votes,351
House 3,Lieutenant Governor,DEM,Mike Collier,13172
House 3,Lieutenant Governor,LIB,Kerry Douglas McKennon,938
House 3,Lieutenant Governor,REP,Dan Patrick,42435
House 4,Lieutenant Governor,,OVER VOTES,1
House 4,Lieutenant Governor,,Over Votes,0
House 4,Lieutenant Governor,,UNDER VOTES,196
House 4,Lieutenant Governor,,Under Votes,266
House 4,Lieutenant Governor,DEM,Mike Collier,16379
House 4,Lieutenant Governor,LIB,Kerry Douglas McKennon,1125
House 4,Lieutenant Governor,REP,Dan Patrick,43297
House 5,Lieutenant Governor,,Cast Votes,8786
House 5,Lieutenant Governor,,Overvotes,0
House 5,Lieutenant Governor,,Undervotes,38
House 5,Lieutenant Governor,DEM,Mike Collier,14679
House 5,Lieutenant Governor,LIB,Kerry Douglas McKennon,946
House 5,Lieutenant Governor,REP,Dan Patrick,42084
House 6,Lieutenant Governor,DEM,Mike Collier,34524
House 6,Lieutenant Governor,LIB,Kerry Douglas McKennon,2054
House 6,Lieutenant Governor,REP,Dan Patrick,76177
House 7,Lieutenant Governor,,Over Votes,0
House 7,Lieutenant Governor,,Under Votes,122
House 7,Lieutenant Governor,DEM,MIKE COLLIER,7166
House 7,Lieutenant Governor,DEM,Mike Collier,2238
House 7,Lieutenant Governor,LIB,KERRY DOUGLAS McKENNON,327
House 7,Lieutenant Governor,LIB,Kerry Douglas McKennon,199
House 7,Lieutenant Governor,REP,DAN PATRICK,11397
House 7,Lieutenant Governor,REP,Dan Patrick,7680
House 8,Lieutenant Governor,,OVER VOTES,0
House 8,Lieutenant Governor,,UNDER VOTES,98
House 8,Lieutenant Governor,DEM,Mike Collier,5635
House 8,Lieutenant Governor,LIB,Kerry Douglas McKennon,375
House 8,Lieutenant Governor,REP,Dan Patrick,17962
House 9,Lieutenant Governor,,Dan Patrick,5728
House 9,Lieutenant Governor,,Kerry Douglas McKennon,91
House 9,Lieutenant Governor,,Mike Collier,1655
House 9,Lieutenant Governor,,Over Votes,7
House 9,Lieutenant Governor,,Under Votes,191
House 9,Lieutenant Governor,DEM,Mike Collier,9510
House 9,Lieutenant Governor,LIB,Kerry Douglas McKennon,487
House 9,Lieutenant Governor,REP,Dan Patrick,25152
House 10,Lieutenant Governor,,Over Votes,0
House 10,Lieutenant Governor,,Under Votes,60
House 10,Lieutenant Governor,DEM,Mike Collier,19542
House 10,Lieutenant Governor,LIB,Kerry Douglas McKennon,1411
House 10,Lieutenant Governor,REP,Dan Patrick,43343
House 11,Lieutenant Governor,,Over Votes,2
House 11,Lieutenant Governor,,Under Votes,552
House 11,Lieutenant Governor,DEM,Mike Collier,15061
House 11,Lieutenant Governor,LIB,Kerry Douglas McKennon,869
House 11,Lieutenant Governor,REP,Dan Patrick,36491
House 12,Lieutenant Governor,,OVER VOTES,0
House 12,Lieutenant Governor,,Over Votes,1
House 12,Lieutenant Governor,,UNDER VOTES,206
House 12,Lieutenant Governor,,Under Votes,493
House 12,Lieutenant Governor,DEM,Mike Collier,15544
House 12,Lieutenant Governor,LIB,Kerry Douglas McKennon,912
House 12,Lieutenant Governor,REP,Dan Patrick,28073
House 13,Lieutenant Governor,,Dan Patrick,6259
House 13,Lieutenant Governor,,Kerry Douglas McKennon,163
House 13,Lieutenant Governor,,Mike Collier,2194
House 13,Lieutenant Governor,,OVER VOTES,1
House 13,Lieutenant Governor,,Over Votes,0
House 13,Lieutenant Governor,,UNDER VOTES,222
House 13,Lieutenant Governor,,Under Votes,168
House 13,Lieutenant Governor,DEM,Mike Collier,9163
House 13,Lieutenant Governor,LIB,Kerry Douglas McKennon,607
House 13,Lieutenant Governor,REP,Dan Patrick,28805
House 14,Lieutenant Governor,,Over Votes,0
House 14,Lieutenant Governor,,Under Votes,907
House 14,Lieutenant Governor,DEM,Mike Collier,21804
House 14,Lieutenant Governor,LIB,Kerry Douglas McKennon,1640
House 14,Lieutenant Governor,REP,Dan Patrick,24661
House 15,Lieutenant Governor,,Over Votes,1
House 15,Lieutenant Governor,,Under Votes,704
House 15,Lieutenant Governor,DEM,Mike Collier,21769
House 15,Lieutenant Governor,LIB,Kerry Douglas McKennon,1479
House 15,Lieutenant Governor,REP,Dan Patrick,45144
House 16,Lieutenant Governor,,Over Votes,0
House 16,Lieutenant Governor,,Under Votes,638
House 16,Lieutenant Governor,DEM,Mike Collier,12571
House 16,Lieutenant Governor,LIB,Kerry Douglas McKennon,1040
House 16,Lieutenant Governor,REP,Dan Patrick,45473
House 17,Lieutenant Governor,,Overvotes,0
House 17,Lieutenant Governor,,Under Votes,62
House 17,Lieutenant Governor,DEM,Mike Collier,19115
House 17,Lieutenant Governor,IND,Kerry Douglas McKennon,84
House 17,Lieutenant Governor,LIB,K. Douglas McKennon,93
House 17,Lieutenant Governor,LIB,Kerry Douglas McKennon,1153
House 17,Lieutenant Governor,REP,Dan Patrick,29151
House 18,Lieutenant Governor,,Over Votes,2
House 18,Lieutenant Governor,,Under Votes,180
House 18,Lieutenant Governor,DEM,Mike Collier,12147
House 18,Lieutenant Governor,LIB,Kerry Douglas McKennon,454
House 18,Lieutenant Governor,LIB,Kerry McKennon,386
House 18,Lieutenant Governor,REP,Dan Patrick,34577
House 19,Lieutenant Governor,,Over Votes,0
House 19,Lieutenant Governor,,Under Votes,140
House 19,Lieutenant Governor,DEM,Mike Collier,11584
House 19,Lieutenant Governor,LIB,Kerry Douglas McKennon,853
House 19,Lieutenant Governor,REP,Dan Patrick,47616
House 20,Lieutenant Governor,,Over Votes,0
House 20,Lieutenant Governor,,Under Votes,212
House 20,Lieutenant Governor,DEM,Mike Collier,5565
House 20,Lieutenant Governor,LIB,Kerry Douglas McKennon,542
House 20,Lieutenant Governor,REP,Dan Patrick,16214
House 21,Lieutenant Governor,,OVER VOTES,3
House 21,Lieutenant Governor,,UNDER VOTES,245
House 21,Lieutenant Governor,DEM,Mike Collier,5219
House 21,Lieutenant Governor,LIB,Kerry Douglas McKennon,352
House 21,Lieutenant Governor,REP,Dan Patrick,20590
House 25,Lieutenant Governor,,Over Votes,0
House 25,Lieutenant Governor,,Under Votes,319
House 25,Lieutenant Governor,DEM,Mike Collier,12080
House 25,Lieutenant Governor,LIB,Kerry Douglas McKennon,913
House 25,Lieutenant Governor,REP,Dan Patrick,28285
House 26,Lieutenant Governor,,Over Votes,1
House 26,Lieutenant Governor,,Under Votes,685
House 26,Lieutenant Governor,DEM,Mike Collier,18418
House 26,Lieutenant Governor,LIB,Kerry Douglas McKennon,658
House 26,Lieutenant Governor,REP,Dan Patrick,20558
House 27,Lieutenant Governor,,Over Votes,1
House 27,Lieutenant Governor,,Under Votes,438
House 27,Lieutenant Governor,DEM,Mike Collier,14514
House 27,Lieutenant Governor,LIB,Kerry Douglas McKennon,509
House 27,Lieutenant Governor,REP,Dan Patrick,12747
House 28,Lieutenant Governor,,Over Votes,0
House 28,Lieutenant Governor,,Under Votes,25
House 28,Lieutenant Governor,DEM,Mike Collier,900
House 28,Lieutenant Governor,LIB,Kerry Douglas McKennon,23
House 28,Lieutenant Governor,REP,Dan Patrick,398
House 29,Lieutenant Governor,,Over Votes,0
House 29,Lieutenant Governor,,Under Votes,478
House 29,Lieutenant Governor,DEM,Mike Collier,31425
House 29,Lieutenant Governor,LIB,Kerry Douglas McKennon,1400
House 29,Lieutenant Governor,REP,Dan Patrick,37212
House 30,Lieutenant Governor,,Cast Votes:,6084
House 30,Lieutenant Governor,,Overvotes:,0
House 30,Lieutenant Governor,,Undervotes:,91
House 30,Lieutenant Governor,DEM,Mike Collier,4311
House 30,Lieutenant Governor,LIB,Kerry Douglas,95
House 30,Lieutenant Governor,LIB,Kerry Douglas McKennon,265
House 30,Lieutenant Governor,REP,Dan Patrick,13360
House 31,Lieutenant Governor,,Ballots Cast,3810
House 31,Lieutenant Governor,,Over Votes,0
House 31,Lieutenant Governor,,Under Votes,640
House 31,Lieutenant Governor,DEM,Mike Collier,15314
House 31,Lieutenant Governor,LIB,Kerry Douglas McKennon,532
House 31,Lieutenant Governor,REP,Dan Patrick,12078
House 33,Lieutenant Governor,,OVER VOTES,0
House 33,Lieutenant Governor,,UNDER VOTES,971
House 33,Lieutenant Governor,DEM,Mike Collier,30398
House 33,Lieutenant Governor,LIB,K. Douglas McKennon,951
House 33,Lieutenant Governor,LIB,Kerry Douglas McKennon,857
House 33,Lieutenant Governor,REP,Dan Patrick,52178
House 35,Lieutenant Governor,,Over Votes,3
House 35,Lieutenant Governor,,Under Votes,506
House 35,Lieutenant Governor,DEM,Mike Collier,7517
House 35,Lieutenant Governor,LIB,Kerry Douglas McKennon,385
House 35,Lieutenant Governor,REP,Dan Patrick,7120
House 37,Lieutenant Governor,,Over Votes,5
House 37,Lieutenant Governor,,Under Votes,1338
House 37,Lieutenant Governor,DEM,Mike Collier,16677
House 37,Lieutenant Governor,LIB,Kerry Douglas McKennon,839
House 37,Lieutenant Governor,REP,Dan Patrick,9023
House 38,Lieutenant Governor,,Over Votes,9
House 38,Lieutenant Governor,,Under Votes,1135
House 38,Lieutenant Governor,DEM,Mike Collier,17409
House 38,Lieutenant Governor,LIB,Kerry Douglas McKennon,772
House 38,Lieutenant Governor,REP,Dan Patrick,10743
House 43,Lieutenant Governor,,Over Votes,4
House 43,Lieutenant Governor,,Under Votes,393
House 43,Lieutenant Governor,DEM,Mike  Collier,2711
House 43,Lieutenant Governor,DEM,Mike Collier,10012
House 43,Lieutenant Governor,LIB,Kerry Douglas McKennon,572
House 43,Lieutenant Governor,REP,Dan  Patrick,3841
House 43,Lieutenant Governor,REP,Dan Patrick,14135
House 44,Lieutenant Governor,,Under Votes,636
House 44,Lieutenant Governor,DEM,Mike Collier,18670
House 44,Lieutenant Governor,LIB,Kerry McKennon,1275
House 44,Lieutenant Governor,REP,Dan Patrick,34191
House 45,Lieutenant Governor,DEM,Mike Collier,42380
House 45,Lieutenant Governor,Dan Patrick,REP,4066
House 45,Lieutenant Governor,Kerry Douglas McKennon,LIB,144
House 45,Lieutenant Governor,LIB,Kerry Douglas McKennon,2667
House 45,Lieutenant Governor,Mike Collier,DEM,1579
House 45,Lieutenant Governor,REP,Dan Patrick,34014
House 46,Lieutenant Governor,DEM,Mike Collier,46976
House 46,Lieutenant Governor,LIB,Kerry Douglas McKennon,1737
House 46,Lieutenant Governor,REP,Dan Patrick,8794
House 47,Lieutenant Governor,DEM,Mike Collier,39786
House 47,Lieutenant Governor,LIB,Kerry Douglas McKennon,2265
House 47,Lieutenant Governor,REP,Dan Patrick,29865
House 48,Lieutenant Governor,DEM,Mike Collier,56467
House 48,Lieutenant Governor,LIB,Kerry Douglas McKennon,2809
House 48,Lieutenant Governor,REP,Dan Patrick,22960
House 49,Lieutenant Governor,DEM,Mike Collier,74984
House 49,Lieutenant Governor,LIB,Kerry Douglas McKennon,3067
House 49,Lieutenant Governor,REP,Dan Patrick,14923
House 50,Lieutenant Governor,DEM,Mike Collier,49109
House 50,Lieutenant Governor,LIB,Kerry Douglas McKennon,2272
House 50,Lieutenant Governor,REP,Dan Patrick,20196
House 51,Lieutenant Governor,DEM,Mike Collier,20615
House 51,Lieutenant Governor,LIB,Kerry Douglas McKennon,830
House 51,Lieutenant Governor,REP,Dan Patrick,2933
House 53,Lieutenant Governor,,OVER VOTES,0
House 53,Lieutenant Governor,,Over Votes,3
House 53,Lieutenant Governor,,UNDER VOTES,43
House 53,Lieutenant Governor,,Under Votes,328
House 53,Lieutenant Governor,DEM,Mike  Collier,474
House 53,Lieutenant Governor,DEM,Mike Collier,8602
House 53,Lieutenant Governor,LIB,Kerry D. McKennon,41
House 53,Lieutenant Governor,LIB,Kerry Douglas McKennon,715
House 53,Lieutenant Governor,REP,Dan  Patrick,1777
House 53,Lieutenant Governor,REP,Dan Patrick,29400
House 54,Lieutenant Governor,,Over Votes,4
House 54,Lieutenant Governor,,Under Votes,369
House 54,Lieutenant Governor,DEM,Mike Collier,22581
House 54,Lieutenant Governor,LIB,Kerry Douglas McKennon,1237
House 54,Lieutenant Governor,REP,Dan Patrick,24744
House 55,Lieutenant Governor,,Over Votes,3
House 55,Lieutenant Governor,,Under Votes,428
House 55,Lieutenant Governor,DEM,Mike Collier,15313
House 55,Lieutenant Governor,LIB,Kerry Douglas McKennon,1051
House 55,Lieutenant Governor,REP,Dan Patrick,28668
House 56,Lieutenant Governor,,Over Votes,0
House 56,Lieutenant Governor,,Under Votes,802
House 56,Lieutenant Governor,DEM,Mike Collier,20262
House 56,Lieutenant Governor,LIB,Kerry Douglas McKennon,1329
House 56,Lieutenant Governor,REP,Dan Patrick,36300
House 57,Lieutenant Governor,,OVER VOTES,0
House 57,Lieutenant Governor,,UNDER VOTES,365
House 57,Lieutenant Governor,DEM,Mike Collier,13407
House 57,Lieutenant Governor,LIB,Kerry Douglas McKennon,740
House 57,Lieutenant Governor,REP,Dan Patrick,37961
House 59,Lieutenant Governor,DEM,Mike  Collier,1012
House 59,Lieutenant Governor,DEM,Mike Collier,2572
House 59,Lieutenant Governor,DEM,Mike Collier ,982
House 59,Lieutenant Governor,LIB,Kerry Douglas McKennon,386
House 59,Lieutenant Governor,LIB,Kerry Douglas McKennon ,90
House 59,Lieutenant Governor,REP,Dan  Patrick,4538
House 59,Lieutenant Governor,REP,Dan Patrick,9714
House 59,Lieutenant Governor,REP,Dan Patrick ,4335
House 60,Lieutenant Governor,,Cast Votes,18796
House 60,Lieutenant Governor,,Overvotes,0
House 60,Lieutenant Governor,,Undervotes,172
House 60,Lieutenant Governor,DEM,Mike Collier,7003
House 60,Lieutenant Governor,LIB,Kerry Douglas McKennon,721
House 60,Lieutenant Governor,REP,Dan Patrick,33212
House 61,Lieutenant Governor,,Over Votes,0
House 61,Lieutenant Governor,,Under Votes,949
House 61,Lieutenant Governor,DEM,Mike Collier,13752
House 61,Lieutenant Governor,LIB,Kerry Douglas McKennon,1518
House 61,Lieutenant Governor,REP,Dan Patrick,62408
House 62,Lieutenant Governor,,Dan Patrick,1477
House 62,Lieutenant Governor,,Kerry Douglas McKennon,30
House 62,Lieutenant Governor,,Mike Collier,430
House 62,Lieutenant Governor,,Over Votes,0
House 62,Lieutenant Governor,,Under Votes,19
House 62,Lieutenant Governor,DEM,MIKE COLLIER,2234
House 62,Lieutenant Governor,DEM,Mike Collier,11137
House 62,Lieutenant Governor,LIB,KERRY DOUGLAS McKENNON,179
House 62,Lieutenant Governor,LIB,Kerry Douglas McKennon,910
House 62,Lieutenant Governor,REP,DAN PATRICK,8292
House 62,Lieutenant Governor,REP,Dan Patrick,30792
House 62,Lieutenant Governor,REP,Over Votes,0
House 62,Lieutenant Governor,REP,Under Votes,142
House 63,Lieutenant Governor,,Over Votes,12
House 63,Lieutenant Governor,,Under Votes,659
House 63,Lieutenant Governor,DEM,Mike Collier,24852
House 63,Lieutenant Governor,LIB,Kerry Douglas McKennon,1795
House 63,Lieutenant Governor,REP,Dan Patrick,45457
House 64,Lieutenant Governor,,Over Votes,11
House 64,Lieutenant Governor,,Under Votes,844
House 64,Lieutenant Governor,DEM,Mike Collier,30779
House 64,Lieutenant Governor,LIB,Kerry Douglas McKennon,2086
House 64,Lieutenant Governor,REP,Dan Patrick,31930
House 65,Lieutenant Governor,,Over Votes,14
House 65,Lieutenant Governor,,Under Votes,592
House 65,Lieutenant Governor,DEM,Mike Collier,29368
House 65,Lieutenant Governor,LIB,Kerry Douglas McKennon,1583
House 65,Lieutenant Governor,REP,Dan Patrick,27069
House 66,Lieutenant Governor,,OVER VOTES,1
House 66,Lieutenant Governor,,UNDER VOTES,1090
House 66,Lieutenant Governor,DEM,Mike Collier,33982
House 66,Lieutenant Governor,LIB,K. Douglas McKennon,1389
House 66,Lieutenant Governor,REP,Dan Patrick,33730
House 67,Lieutenant Governor,,OVER VOTES,0
House 67,Lieutenant Governor,,UNDER VOTES,1238
House 67,Lieutenant Governor,DEM,Mike Collier,36330
House 67,Lieutenant Governor,LIB,K. Douglas McKennon,1726
House 67,Lieutenant Governor,REP,Dan Patrick,35825
House 68,Lieutenant Governor,,OVER VOTES,1
House 68,Lieutenant Governor,,Over Votes,0
House 68,Lieutenant Governor,,UNDER VOTES,86
House 68,Lieutenant Governor,,Under Votes,39
House 68,Lieutenant Governor,DEM,Mike  Collier,494
House 68,Lieutenant Governor,DEM,Mike Collier,4049
House 68,Lieutenant Governor,DEM,Mike Collier ,2597
House 68,Lieutenant Governor,Dem,Mike Colllier,305
House 68,Lieutenant Governor,LIB,Kerry D. McKennon,265
House 68,Lieutenant Governor,LIB,Kerry Douglas McKennon,438
House 68,Lieutenant Governor,Lib,Kerry Douglas McKennon,19
House 68,Lieutenant Governor,REP,Dan  Patrick,1952
House 68,Lieutenant Governor,REP,Dan Patrick,20208
House 68,Lieutenant Governor,REP,Dan Patrick ,11590
House 68,Lieutenant Governor,Rep,Dan Patrick,778
House 69,Lieutenant Governor,,Dan Patrick,290
House 69,Lieutenant Governor,,Kerry Douglas McKennon,6
House 69,Lieutenant Governor,,Mike Collier,128
House 69,Lieutenant Governor,,OVER VOTES,1
House 69,Lieutenant Governor,,Over Votes,0
House 69,Lieutenant Governor,,UNDER VOTES,74
House 69,Lieutenant Governor,,Under Votes,621
House 69,Lieutenant Governor,DEM,Mike  Collier,319
House 69,Lieutenant Governor,DEM,Mike Collier,11144
House 69,Lieutenant Governor,LIB,Kerry Douglas McKennon,1028
House 69,Lieutenant Governor,REP,Dan  Patrick,740
House 69,Lieutenant Governor,REP,Dan Patrick,30618
House 70,Lieutenant Governor,,OVER VOTES,0
House 70,Lieutenant Governor,,UNDER VOTES,1242
House 70,Lieutenant Governor,DEM,Mike Collier,32716
House 70,Lieutenant Governor,LIB,K. Douglas McKennon,1862
House 70,Lieutenant Governor,REP,Dan Patrick,51946
House 71,Lieutenant Governor,,OVER VOTES,0
House 71,Lieutenant Governor,,Over Votes,0
House 71,Lieutenant Governor,,UNDER VOTES,98
House 71,Lieutenant Governor,,Under Votes,487
House 71,Lieutenant Governor,DEM,Mike Collier,11545
House 71,Lieutenant Governor,LIB,Kerry Douglas McKennon,1033
House 71,Lieutenant Governor,REP,Dan Patrick,29704
House 72,Lieutenant Governor,,Cast Votes,361
House 72,Lieutenant Governor,,Over Votes,0
House 72,Lieutenant Governor,,Overvotes,0
House 72,Lieutenant Governor,,Under Votes,16
House 72,Lieutenant Governor,,Undervotes,12
House 72,Lieutenant Governor,DEM,Mike Collier,3160
House 72,Lieutenant Governor,LIB,Kerry Douglas,8
House 72,Lieutenant Governor,LIB,Kerry Douglas McKennon,360
House 72,Lieutenant Governor,REP,Dan Patrick,9747
House 73,Lieutenant Governor,,OVER VOTES,0
House 73,Lieutenant Governor,,UNDER VOTES,196
House 73,Lieutenant Governor,DEM,Mike Collier,20659
House 73,Lieutenant Governor,LIB,Kerry Douglas McKennon,1794
House 73,Lieutenant Governor,LIB,Kerry Douglas Mckennon,82
House 73,Lieutenant Governor,REP,Dan Patrick,62755
House 74,Lieutenant Governor,DEM,Mike Collier,4315
House 74,Lieutenant Governor,LIB,Kerry Douglas McKennon,317
House 74,Lieutenant Governor,REP,Dan Patrick,5620
House 80,Lieutenant Governor,DEM,Mike Collier,4893
House 80,Lieutenant Governor,LIB,Kerry D. McKennon,40
House 80,Lieutenant Governor,LIB,Kerry Douglas McKennon,35
House 80,Lieutenant Governor,LIB,Kerry Douglas Mckennon,66
House 80,Lieutenant Governor,REP,Dan Patrick,3171
House 81,Lieutenant Governor,,Over Votes,0
House 81,Lieutenant Governor,,Under Votes,639
House 81,Lieutenant Governor,DEM,Mike  Collier,355
House 81,Lieutenant Governor,DEM,Mike Collier,10610
House 81,Lieutenant Governor,LIB,Kerry Douglas McKennon,875
House 81,Lieutenant Governor,REP,Dan  Patrick,1071
House 81,Lieutenant Governor,REP,Dan Patrick,25971
House 82,Lieutenant Governor,,OVER VOTES,1
House 82,Lieutenant Governor,,UNDER VOTES,22
House 82,Lieutenant Governor,DEM,Mike Collier,10361
House 82,Lieutenant Governor,LIB,Kerry Douglas McKennon,1144
House 82,Lieutenant Governor,REP,Dan Patrick,34799
House 83,Lieutenant Governor,,OVER VOTES,1
House 83,Lieutenant Governor,,Over Votes,1
House 83,Lieutenant Governor,,UNDER VOTES,65
House 83,Lieutenant Governor,,Under Votes,531
House 83,Lieutenant Governor,DEM,Mike Collier,13751
House 83,Lieutenant Governor,LIB,Kerry Douglas McKennon,1390
House 83,Lieutenant Governor,REP,Dan Patrick,37668
House 84,Lieutenant Governor,,Over Votes,0
House 84,Lieutenant Governor,,Under Votes,684
House 84,Lieutenant Governor,DEM,Mike Collier,19309
House 84,Lieutenant Governor,LIB,Kerry Douglas McKennon,1522
House 84,Lieutenant Governor,REP,Dan Patrick,25717
House 85,Lieutenant Governor,,Over Votes,0
House 85,Lieutenant Governor,,Under Votes,290
House 85,Lieutenant Governor,DEM,Mike Collier,8548
House 85,Lieutenant Governor,LIB,Kerry Douglas McKennon,320
House 85,Lieutenant Governor,REP,Dan Patrick,8676
House 86,Lieutenant Governor,,Dan Patrick,2550
House 86,Lieutenant Governor,,Kerry Douglas McKennon,75
House 86,Lieutenant Governor,,Mike Collier,1119
House 86,Lieutenant Governor,,OVER VOTES,0
House 86,Lieutenant Governor,,UNDER VOTES,15
House 86,Lieutenant Governor,DEM,Mike  Collier,605
House 86,Lieutenant Governor,DEM,Mike Collier,10346
House 86,Lieutenant Governor,LIB,Kerry Douglas McKennon,1265
House 86,Lieutenant Governor,REP,Dan  Patrick,2147
House 86,Lieutenant Governor,REP,Dan Patrick,40099
House 87,Lieutenant Governor,,OVER VOTES,0
House 87,Lieutenant Governor,,Over Votes,0
House 87,Lieutenant Governor,,UNDER VOTES,49
House 87,Lieutenant Governor,,Under Votes,245
House 87,Lieutenant Governor,DEM,Mike Collier,9761
House 87,Lieutenant Governor,LIB,Kerry Douglas McKennon,930
House 87,Lieutenant Governor,REP,Dan Patrick,26670
House 88,Lieutenant Governor,,OVER VOTES,0
House 88,Lieutenant Governor,,Over Votes,0
House 88,Lieutenant Governor,,UNDER VOTES,133
House 88,Lieutenant Governor,,Under Votes,113
House 88,Lieutenant Governor,DEM,MIKE COLLIER,408
House 88,Lieutenant Governor,DEM,Mike  Collier,1491
House 88,Lieutenant Governor,DEM,Mike Collier,6467
House 88,Lieutenant Governor,LIB,KERRY D. MCKENNON,28
House 88,Lieutenant Governor,LIB,Kerry Douglad McKennon,43
House 88,Lieutenant Governor,LIB,Kerry Douglas McKennon,802
House 88,Lieutenant Governor,REP,DAN PATRICK,1147
House 88,Lieutenant Governor,REP,Dan  Patrick,4416
House 88,Lieutenant Governor,REP,Dan Patrick,22385
House 88,Lieutenant Governor,REP,Over Votes,1
House 88,Lieutenant Governor,REP,Under Votes,65
House 89,Lieutenant Governor,,OVER VOTES,1
House 89,Lieutenant Governor,,UNDER VOTES,1228
House 89,Lieutenant Governor,DEM,Mike Collier,31267
House 89,Lieutenant Governor,LIB,K. Douglas McKennon,1750
House 89,Lieutenant Governor,REP,Dan Patrick,43072
House 90,Lieutenant Governor,,Over Votes,2
House 90,Lieutenant Governor,,Under Votes,655
House 90,Lieutenant Governor,DEM,Mike Collier,17788
House 90,Lieutenant Governor,LIB,Kerry Douglas McKennon,474
House 90,Lieutenant Governor,REP,Dan Patrick,5011
House 91,Lieutenant Governor,,Over Votes,3
House 91,Lieutenant Governor,,Under Votes,745
House 91,Lieutenant Governor,DEM,Mike Collier,20402
House 91,Lieutenant Governor,LIB,Kerry Douglas McKennon,1392
House 91,Lieutenant Governor,REP,Dan Patrick,33489
House 92,Lieutenant Governor,,Over Votes,1
House 92,Lieutenant Governor,,Under Votes,777
House 92,Lieutenant Governor,DEM,Mike Collier,27437
House 92,Lieutenant Governor,LIB,Kerry Douglas McKennon,1610
House 92,Lieutenant Governor,REP,Dan Patrick,31078
House 93,Lieutenant Governor,,Over Votes,1
House 93,Lieutenant Governor,,Under Votes,635
House 93,Lieutenant Governor,DEM,Mike Collier,23331
House 93,Lieutenant Governor,LIB,Kerry Douglas McKennon,1197
House 93,Lieutenant Governor,REP,Dan Patrick,23807
House 94,Lieutenant Governor,,Over Votes,3
House 94,Lieutenant Governor,,Under Votes,775
House 94,Lieutenant Governor,DEM,Mike Collier,26572
House 94,Lieutenant Governor,LIB,Kerry Douglas McKennon,1573
House 94,Lieutenant Governor,REP,Dan Patrick,31988
House 95,Lieutenant Governor,,Over Votes,2
House 95,Lieutenant Governor,,Under Votes,616
House 95,Lieutenant Governor,DEM,Mike Collier,32590
House 95,Lieutenant Governor,LIB,Kerry Douglas McKennon,843
House 95,Lieutenant Governor,REP,Dan Patrick,9945
House 96,Lieutenant Governor,,Over Votes,2
House 96,Lieutenant Governor,,Under Votes,727
House 96,Lieutenant Governor,DEM,Mike Collier,30724
House 96,Lieutenant Governor,LIB,Kerry Douglas McKennon,1411
House 96,Lieutenant Governor,REP,Dan Patrick,32501
House 97,Lieutenant Governor,,Over Votes,1
House 97,Lieutenant Governor,,Under Votes,817
House 97,Lieutenant Governor,DEM,Mike Collier,26076
House 97,Lieutenant Governor,LIB,Kerry Douglas McKennon,1485
House 97,Lieutenant Governor,REP,Dan Patrick,30135
House 98,Lieutenant Governor,,Over Votes,4
House 98,Lieutenant Governor,,Under Votes,744
House 98,Lieutenant Governor,DEM,Mike Collier,19847
House 98,Lieutenant Governor,LIB,Kerry Douglas McKennon,1501
House 98,Lieutenant Governor,REP,Dan Patrick,43429
House 99,Lieutenant Governor,,Over Votes,0
House 99,Lieutenant Governor,,Under Votes,33
House 99,Lieutenant Governor,DEM,Mike Collier,927
House 99,Lieutenant Governor,LIB,Kerry Douglas McKennon,44
House 99,Lieutenant Governor,REP,Dan Patrick,796
House 100,Lieutenant Governor,,Over Votes,8
House 100,Lieutenant Governor,,Under Votes,687
House 100,Lieutenant Governor,DEM,Mike Collier,32096
House 100,Lieutenant Governor,LIB,Kerry Douglas McKennon,912
House 100,Lieutenant Governor,REP,Dan Patrick,8263
House 101,Lieutenant Governor,,Over Votes,1
House 101,Lieutenant Governor,,Under Votes,246
House 101,Lieutenant Governor,DEM,Mike Collier,9453
House 101,Lieutenant Governor,LIB,Kerry Douglas McKennon,289
House 101,Lieutenant Governor,REP,Dan Patrick,4041
House 102,Lieutenant Governor,,Over Votes,7
House 102,Lieutenant Governor,,Under Votes,939
House 102,Lieutenant Governor,DEM,Mike Collier,31609
House 102,Lieutenant Governor,LIB,Kerry Douglas McKennon,1440
House 102,Lieutenant Governor,REP,Dan Patrick,23935
House 103,Lieutenant Governor,,Over Votes,12
House 103,Lieutenant Governor,,Under Votes,774
House 103,Lieutenant Governor,DEM,Mike Collier,29493
House 103,Lieutenant Governor,LIB,Kerry Douglas McKennon,864
House 103,Lieutenant Governor,REP,Dan Patrick,8422
House 104,Lieutenant Governor,,Over Votes,6
House 104,Lieutenant Governor,,Under Votes,738
House 104,Lieutenant Governor,DEM,Mike Collier,24442
House 104,Lieutenant Governor,LIB,Kerry Douglas McKennon,613
House 104,Lieutenant Governor,REP,Dan Patrick,6372
House 105,Lieutenant Governor,,Over Votes,4
House 105,Lieutenant Governor,,Under Votes,797
House 105,Lieutenant Governor,DEM,Mike Collier,25036
House 105,Lieutenant Governor,LIB,Kerry Douglas McKennon,992
House 105,Lieutenant Governor,REP,Dan Patrick,19048
House 106,Lieutenant Governor,,Over Votes,8
House 106,Lieutenant Governor,,Under Votes,690
House 106,Lieutenant Governor,DEM,Mike Collier,31809
House 106,Lieutenant Governor,LIB,Kerry Douglas McKennon,1828
House 106,Lieutenant Governor,REP,Dan Patrick,42957
House 107,Lieutenant Governor,,Over Votes,3
House 107,Lieutenant Governor,,Under Votes,781
House 107,Lieutenant Governor,DEM,Mike Collier,28819
House 107,Lieutenant Governor,LIB,Kerry Douglas McKennon,1152
House 107,Lieutenant Governor,REP,Dan Patrick,21255
House 108,Lieutenant Governor,,Over Votes,4
House 108,Lieutenant Governor,,Under Votes,1545
House 108,Lieutenant Governor,DEM,Mike Collier,42104
House 108,Lieutenant Governor,LIB,Kerry Douglas McKennon,2113
House 108,Lieutenant Governor,REP,Dan Patrick,35710
House 109,Lieutenant Governor,,Over Votes,5
House 109,Lieutenant Governor,,Under Votes,636
House 109,Lieutenant Governor,DEM,Mike Collier,49795
House 109,Lieutenant Governor,LIB,Kerry Douglas McKennon,1030
House 109,Lieutenant Governor,REP,Dan Patrick,10044
House 110,Lieutenant Governor,,Over Votes,3
House 110,Lieutenant Governor,,Under Votes,473
House 110,Lieutenant Governor,DEM,Mike Collier,26298
House 110,Lieutenant Governor,LIB,Kerry Douglas McKennon,494
House 110,Lieutenant Governor,REP,Dan Patrick,3721
House 111,Lieutenant Governor,,Over Votes,4
House 111,Lieutenant Governor,,Under Votes,622
House 111,Lieutenant Governor,DEM,Mike Collier,42069
House 111,Lieutenant Governor,LIB,Kerry Douglas McKennon,911
House 111,Lieutenant Governor,REP,Dan Patrick,11051
House 112,Lieutenant Governor,,Over Votes,2
House 112,Lieutenant Governor,,Under Votes,838
House 112,Lieutenant Governor,DEM,Mike Collier,27384
House 112,Lieutenant Governor,LIB,Kerry Douglas McKennon,1192
House 112,Lieutenant Governor,REP,Dan Patrick,24677
House 113,Lieutenant Governor,,Over Votes,4
House 113,Lieutenant Governor,,Under Votes,663
House 113,Lieutenant Governor,DEM,Mike Collier,28084
House 113,Lieutenant Governor,LIB,Kerry Douglas McKennon,993
House 113,Lieutenant Governor,REP,Dan Patrick,23844
House 114,Lieutenant Governor,,Over Votes,3
House 114,Lieutenant Governor,,Under Votes,1085
House 114,Lieutenant Governor,DEM,Mike Collier,36159
House 114,Lieutenant Governor,LIB,Kerry Douglas McKennon,1551
House 114,Lieutenant Governor,REP,Dan Patrick,29088
House 115,Lieutenant Governor,,Over Votes,3
House 115,Lieutenant Governor,,Under Votes,961
House 115,Lieutenant Governor,DEM,Mike Collier,31185
House 115,Lieutenant Governor,LIB,Kerry Douglas McKennon,1434
House 115,Lieutenant Governor,REP,Dan Patrick,24282
House 116,Lieutenant Governor,,OVER VOTES,0
House 116,Lieutenant Governor,,UNDER VOTES,646
House 116,Lieutenant Governor,DEM,Mike Collier,30233
House 116,Lieutenant Governor,LIB,Kerry McKennon,1185
House 116,Lieutenant Governor,REP,Dan Patrick,14204
House 117,Lieutenant Governor,,OVER VOTES,0
House 117,Lieutenant Governor,,UNDER VOTES,581
House 117,Lieutenant Governor,DEM,Mike Collier,29029
House 117,Lieutenant Governor,LIB,Kerry McKennon,1304
House 117,Lieutenant Governor,REP,Dan Patrick,22445
House 118,Lieutenant Governor,,OVER VOTES,0
House 118,Lieutenant Governor,,UNDER VOTES,652
House 118,Lieutenant Governor,DEM,Mike Collier,23237
House 118,Lieutenant Governor,LIB,Kerry McKennon,854
House 118,Lieutenant Governor,REP,Dan Patrick,17424
House 119,Lieutenant Governor,,OVER VOTES,1
House 119,Lieutenant Governor,,UNDER VOTES,565
House 119,Lieutenant Governor,DEM,Mike Collier,25913
House 119,Lieutenant Governor,LIB,Kerry McKennon,917
House 119,Lieutenant Governor,REP,Dan Patrick,15649
House 120,Lieutenant Governor,,OVER VOTES,0
House 120,Lieutenant Governor,,UNDER VOTES,520
House 120,Lieutenant Governor,DEM,Mike Collier,27318
House 120,Lieutenant Governor,LIB,Kerry McKennon,981
House 120,Lieutenant Governor,REP,Dan Patrick,14199
House 121,Lieutenant Governor,,OVER VOTES,0
House 121,Lieutenant Governor,,UNDER VOTES,938
House 121,Lieutenant Governor,DEM,Mike Collier,34384
House 121,Lieutenant Governor,LIB,Kerry McKennon,1732
House 121,Lieutenant Governor,REP,Dan Patrick,37225
House 122,Lieutenant Governor,,OVER VOTES,1
House 122,Lieutenant Governor,,UNDER VOTES,959
House 122,Lieutenant Governor,DEM,Mike Collier,38230
House 122,Lieutenant Governor,LIB,Kerry McKennon,1971
House 122,Lieutenant Governor,REP,Dan Patrick,54181
House 123,Lieutenant Governor,,OVER VOTES,0
House 123,Lieutenant Governor,,UNDER VOTES,788
House 123,Lieutenant Governor,DEM,Mike Collier,32683
House 123,Lieutenant Governor,LIB,Kerry McKennon,1208
House 123,Lieutenant Governor,REP,Dan Patrick,15142
House 124,Lieutenant Governor,,OVER VOTES,0
House 124,Lieutenant Governor,,UNDER VOTES,581
House 124,Lieutenant Governor,DEM,Mike Collier,29306
House 124,Lieutenant Governor,LIB,Kerry McKennon,1161
House 124,Lieutenant Governor,REP,Dan Patrick,16182
House 125,Lieutenant Governor,,OVER VOTES,0
House 125,Lieutenant Governor,,UNDER VOTES,616
House 125,Lieutenant Governor,DEM,Mike Collier,29774
House 125,Lieutenant Governor,LIB,Kerry McKennon,1177
House 125,Lieutenant Governor,REP,Dan Patrick,16891
House 126,Lieutenant Governor,,OVERVOTES,0
House 126,Lieutenant Governor,,UNDERVOTES,570
House 126,Lieutenant Governor,DEM,Mike Collier,25726
House 126,Lieutenant Governor,LIB,Kerry Douglas McKennon,918
House 126,Lieutenant Governor,REP,Dan Patrick,29149
House 127,Lieutenant Governor,,OVERVOTES,1
House 127,Lieutenant Governor,,UNDERVOTES,547
House 127,Lieutenant Governor,DEM,Mike Collier,26200
House 127,Lieutenant Governor,LIB,Kerry Douglas McKennon,1107
House 127,Lieutenant Governor,REP,Dan Patrick,41397
House 128,Lieutenant Governor,,OVERVOTES,0
House 128,Lieutenant Governor,,UNDERVOTES,418
House 128,Lieutenant Governor,DEM,Mike Collier,16816
House 128,Lieutenant Governor,LIB,Kerry Douglas McKennon,832
House 128,Lieutenant Governor,REP,Dan Patrick,34692
House 129,Lieutenant Governor,,OVERVOTES,1
House 129,Lieutenant Governor,,UNDERVOTES,680
House 129,Lieutenant Governor,DEM,Mike Collier,28277
House 129,Lieutenant Governor,LIB,Kerry Douglas McKennon,1311
House 129,Lieutenant Governor,REP,Dan Patrick,35597
House 130,Lieutenant Governor,,OVERVOTES,1
House 130,Lieutenant Governor,,UNDERVOTES,547
House 130,Lieutenant Governor,DEM,Mike Collier,24645
House 130,Lieutenant Governor,LIB,Kerry Douglas McKennon,1311
House 130,Lieutenant Governor,REP,Dan Patrick,50703
House 131,Lieutenant Governor,,OVERVOTES,2
House 131,Lieutenant Governor,,UNDERVOTES,555
House 131,Lieutenant Governor,DEM,Mike Collier,35173
House 131,Lieutenant Governor,LIB,Kerry Douglas McKennon,486
House 131,Lieutenant Governor,REP,Dan Patrick,6429
House 132,Lieutenant Governor,,OVERVOTES,1
House 132,Lieutenant Governor,,UNDERVOTES,587
House 132,Lieutenant Governor,DEM,Mike Collier,33113
House 132,Lieutenant Governor,LIB,Kerry Douglas McKennon,1176
House 132,Lieutenant Governor,REP,Dan Patrick,32636
House 133,Lieutenant Governor,,OVERVOTES,1
House 133,Lieutenant Governor,,UNDERVOTES,816
House 133,Lieutenant Governor,DEM,Mike Collier,31303
House 133,Lieutenant Governor,LIB,Kerry Douglas McKennon,1402
House 133,Lieutenant Governor,REP,Dan Patrick,39355
House 134,Lieutenant Governor,,OVERVOTES,0
House 134,Lieutenant Governor,,UNDERVOTES,1235
House 134,Lieutenant Governor,DEM,Mike Collier,52191
House 134,Lieutenant Governor,LIB,Kerry Douglas McKennon,1888
House 134,Lieutenant Governor,REP,Dan Patrick,36092
House 135,Lieutenant Governor,,OVERVOTES,1
House 135,Lieutenant Governor,,UNDERVOTES,523
House 135,Lieutenant Governor,DEM,Mike Collier,28581
House 135,Lieutenant Governor,LIB,Kerry Douglas McKennon,979
House 135,Lieutenant Governor,REP,Dan Patrick,26724
House 137,Lieutenant Governor,,OVERVOTES,0
House 137,Lieutenant Governor,,UNDERVOTES,354
House 137,Lieutenant Governor,DEM,Mike Collier,16641
House 137,Lieutenant Governor,LIB,Kerry Douglas McKennon,460
House 137,Lieutenant Governor,REP,Dan Patrick,7297
House 138,Lieutenant Governor,,OVERVOTES,3
House 138,Lieutenant Governor,,UNDERVOTES,600
House 138,Lieutenant Governor,DEM,Mike Collier,24652
House 138,Lieutenant Governor,LIB,Kerry Douglas McKennon,915
House 138,Lieutenant Governor,REP,Dan Patrick,23174
House 139,Lieutenant Governor,,OVERVOTES,4
House 139,Lieutenant Governor,,UNDERVOTES,562
House 139,Lieutenant Governor,DEM,Mike Collier,35950
House 139,Lieutenant Governor,LIB,Kerry Douglas McKennon,644
House 139,Lieutenant Governor,REP,Dan Patrick,10792
House 140,Lieutenant Governor,,OVERVOTES,2
House 140,Lieutenant Governor,,UNDERVOTES,421
House 140,Lieutenant Governor,DEM,Mike Collier,17783
House 140,Lieutenant Governor,LIB,Kerry Douglas McKennon,267
House 140,Lieutenant Governor,REP,Dan Patrick,5647
House 141,Lieutenant Governor,,OVERVOTES,2
House 141,Lieutenant Governor,,UNDERVOTES,357
House 141,Lieutenant Governor,DEM,Mike Collier,26928
House 141,Lieutenant Governor,LIB,Kerry Douglas McKennon,339
House 141,Lieutenant Governor,REP,Dan Patrick,4262
House 142,Lieutenant Governor,,OVERVOTES,5
House 142,Lieutenant Governor,,UNDERVOTES,438
House 142,Lieutenant Governor,DEM,Mike Collier,30496
House 142,Lieutenant Governor,LIB,Kerry Douglas McKennon,477
House 142,Lieutenant Governor,REP,Dan Patrick,8927
House 143,Lieutenant Governor,,OVERVOTES,0
House 143,Lieutenant Governor,,UNDERVOTES,500
House 143,Lieutenant Governor,DEM,Mike Collier,20443
House 143,Lieutenant Governor,LIB,Kerry Douglas McKennon,356
House 143,Lieutenant Governor,REP,Dan Patrick,7991
House 144,Lieutenant Governor,,OVERVOTES,0
House 144,Lieutenant Governor,,UNDERVOTES,389
House 144,Lieutenant Governor,DEM,Mike Collier,13914
House 144,Lieutenant Governor,LIB,Kerry Douglas McKennon,341
House 144,Lieutenant Governor,REP,Dan Patrick,9224
House 145,Lieutenant Governor,,OVERVOTES,0
House 145,Lieutenant Governor,,UNDERVOTES,528
House 145,Lieutenant Governor,DEM,Mike Collier,22560
House 145,Lieutenant Governor,LIB,Kerry Douglas McKennon,624
House 145,Lieutenant Governor,REP,Dan Patrick,9893
House 146,Lieutenant Governor,,OVERVOTES,1
House 146,Lieutenant Governor,,UNDERVOTES,580
House 146,Lieutenant Governor,DEM,Mike Collier,34800
House 146,Lieutenant Governor,LIB,Kerry Douglas McKennon,663
House 146,Lieutenant Governor,REP,Dan Patrick,8262
House 147,Lieutenant Governor,,OVERVOTES,4
House 147,Lieutenant Governor,,UNDERVOTES,661
House 147,Lieutenant Governor,DEM,Mike Collier,44458
House 147,Lieutenant Governor,LIB,Kerry Douglas McKennon,1007
House 147,Lieutenant Governor,REP,Dan Patrick,10070
House 148,Lieutenant Governor,,OVERVOTES,4
House 148,Lieutenant Governor,,UNDERVOTES,768
House 148,Lieutenant Governor,DEM,Mike Collier,31673
House 148,Lieutenant Governor,LIB,Kerry Douglas McKennon,1140
House 148,Lieutenant Governor,REP,Dan Patrick,15445
House 149,Lieutenant Governor,,OVERVOTES,2
House 149,Lieutenant Governor,,UNDERVOTES,588
House 149,Lieutenant Governor,DEM,Mike Collier,24428
House 149,Lieutenant Governor,LIB,Kerry Douglas McKennon,562
House 149,Lieutenant Governor,REP,Dan Patrick,14217
House 150,Lieutenant Governor,,OVERVOTES,0
House 150,Lieutenant Governor,,UNDERVOTES,643
House 150,Lieutenant Governor,DEM,Mike Collier,28962
House 150,Lieutenant Governor,LIB,Kerry Douglas McKennon,1192
House 150,Lieutenant Governor,REP,Dan Patrick,41050
Senate 1,Lieutenant Governor,,Over Votes,7
Senate 1,Lieutenant Governor,,Under Votes,313
Senate 1,Lieutenant Governor,DEM,MIKE COLLIER,7166
Senate 1,Lieutenant Governor,DEM,Mike Collier,71720
Senate 1,Lieutenant Governor,LIB,KERRY DOUGLAS McKENNON,327
Senate 1,Lieutenant Governor,LIB,Kerry Douglas McKennon,4330
Senate 1,Lieutenant Governor,REP,DAN PATRICK,11397
Senate 1,Lieutenant Governor,REP,Dan Patrick,175823
Senate 2,Lieutenant Governor,,Cast Votes,8786
Senate 2,Lieutenant Governor,,Dan Patrick,1477
Senate 2,Lieutenant Governor,,Kerry Douglas McKennon,30
Senate 2,Lieutenant Governor,,Mike Collier,430
Senate 2,Lieutenant Governor,,OVER VOTES,1
Senate 2,Lieutenant Governor,,Over Votes,6
Senate 2,Lieutenant Governor,,Overvotes,0
Senate 2,Lieutenant Governor,,UNDER VOTES,449
Senate 2,Lieutenant Governor,,Under Votes,1624
Senate 2,Lieutenant Governor,,Undervotes,38
Senate 2,Lieutenant Governor,DEM,MIKE COLLIER,2234
Senate 2,Lieutenant Governor,DEM,Mike Collier,102404
Senate 2,Lieutenant Governor,LIB,KERRY DOUGLAS McKENNON,179
Senate 2,Lieutenant Governor,LIB,Kerry Douglas McKennon,5044
Senate 2,Lieutenant Governor,REP,DAN PATRICK,8292
Senate 2,Lieutenant Governor,REP,Dan Patrick,144749
Senate 2,Lieutenant Governor,REP,Over Votes,0
Senate 2,Lieutenant Governor,REP,Under Votes,142
Senate 3,Lieutenant Governor,,Dan Patrick,5728
Senate 3,Lieutenant Governor,,Kerry Douglas McKennon,91
Senate 3,Lieutenant Governor,,Mike Collier,1655
Senate 3,Lieutenant Governor,,OVER VOTES,3
Senate 3,Lieutenant Governor,,Over Votes,4
Senate 3,Lieutenant Governor,,UNDER VOTES,562
Senate 3,Lieutenant Governor,,Under Votes,1466
Senate 3,Lieutenant Governor,DEM,Mike Collier,60180
Senate 3,Lieutenant Governor,LIB,Kerry Douglas McKennon,4113
Senate 3,Lieutenant Governor,REP,Dan Patrick,205392
Senate 4,Lieutenant Governor,,OVERVOTES,0
Senate 4,Lieutenant Governor,,Over Votes,1
Senate 4,Lieutenant Governor,,UNDERVOTES,505
Senate 4,Lieutenant Governor,,Under Votes,1425
Senate 4,Lieutenant Governor,DEM,Mike Collier,55031
Senate 4,Lieutenant Governor,LIB,Kerry Douglas McKennon,3728
Senate 4,Lieutenant Governor,REP,Dan Patrick,142106
Senate 5,Lieutenant Governor,,Dan Patrick,6259
Senate 5,Lieutenant Governor,,Kerry Douglas McKennon,163
Senate 5,Lieutenant Governor,,Mike Collier,2194
Senate 5,Lieutenant Governor,,OVER VOTES,0
Senate 5,Lieutenant Governor,,Over Votes,0
Senate 5,Lieutenant Governor,,UNDER VOTES,352
Senate 5,Lieutenant Governor,,Under Votes,1200
Senate 5,Lieutenant Governor,DEM,Mike Collier,41172
Senate 5,Lieutenant Governor,LIB,Kerry Douglas McKennon,2642
Senate 5,Lieutenant Governor,LIB,Kerry McKennon,386
Senate 5,Lieutenant Governor,REP,Dan Patrick,74236
Senate 6,Lieutenant Governor,,OVERVOTES,6
Senate 6,Lieutenant Governor,,UNDERVOTES,2244
Senate 6,Lieutenant Governor,DEM,Mike Collier,96689
Senate 6,Lieutenant Governor,LIB,Kerry Douglas McKennon,1941
Senate 6,Lieutenant Governor,REP,Dan Patrick,36910
Senate 7,Lieutenant Governor,,OVERVOTES,2
Senate 7,Lieutenant Governor,,UNDERVOTES,2756
Senate 7,Lieutenant Governor,DEM,Mike Collier,130834
Senate 7,Lieutenant Governor,LIB,Kerry Douglas McKennon,5279
Senate 7,Lieutenant Governor,REP,Dan Patrick,172955
Senate 8,Lieutenant Governor,,OVER VOTES,2
Senate 8,Lieutenant Governor,,Over Votes,2
Senate 8,Lieutenant Governor,,UNDER VOTES,4712
Senate 8,Lieutenant Governor,,Under Votes,715
Senate 8,Lieutenant Governor,DEM,Mike Collier,160330
Senate 8,Lieutenant Governor,LIB,K. Douglas McKennon,6385
Senate 8,Lieutenant Governor,LIB,Kerry Douglas McKennon,1123
Senate 8,Lieutenant Governor,REP,Dan Patrick,169236
Senate 9,Lieutenant Governor,,Over Votes,14
Senate 9,Lieutenant Governor,,Under Votes,3553
Senate 9,Lieutenant Governor,DEM,Mike Collier,113935
Senate 9,Lieutenant Governor,LIB,Kerry Douglas McKennon,6080
Senate 9,Lieutenant Governor,REP,Dan Patrick,127720
Senate 10,Lieutenant Governor,,Over Votes,10
Senate 10,Lieutenant Governor,,Under Votes,4102
Senate 10,Lieutenant Governor,DEM,Mike Collier,147141
Senate 10,Lieutenant Governor,LIB,Kerry Douglas McKennon,6661
Senate 10,Lieutenant Governor,REP,Dan Patrick,136051
Senate 11,Lieutenant Governor,,OVERVOTES,1
Senate 11,Lieutenant Governor,,Over Votes,0
Senate 11,Lieutenant Governor,,UNDERVOTES,913
Senate 11,Lieutenant Governor,,Under Votes,573
Senate 11,Lieutenant Governor,DEM,Mike Collier,73288
Senate 11,Lieutenant Governor,LIB,Kerry Douglas McKennon,3526
Senate 11,Lieutenant Governor,REP,Dan Patrick,102215
Senate 12,Lieutenant Governor,,Over Votes,39
Senate 12,Lieutenant Governor,,Under Votes,2166
Senate 12,Lieutenant Governor,DEM,Mike Collier,93400
Senate 12,Lieutenant Governor,LIB,Kerry Douglas McKennon,5801
Senate 12,Lieutenant Governor,REP,Dan Patrick,125134
Senate 13,Lieutenant Governor,,OVERVOTES,10
Senate 13,Lieutenant Governor,,UNDERVOTES,2144
Senate 13,Lieutenant Governor,DEM,Mike Collier,127847
Senate 13,Lieutenant Governor,LIB,Kerry Douglas McKennon,2088
Senate 13,Lieutenant Governor,REP,Dan Patrick,24784
Senate 14,Lieutenant Governor,DEM,Mike Collier,272535
Senate 14,Lieutenant Governor,LIB,Kerry Douglas McKennon,12556
Senate 14,Lieutenant Governor,REP,Dan Patrick,102092
Senate 15,Lieutenant Governor,,OVERVOTES,11
Senate 15,Lieutenant Governor,,UNDERVOTES,2818
Senate 15,Lieutenant Governor,DEM,Mike Collier,153594
Senate 15,Lieutenant Governor,LIB,Kerry Douglas McKennon,4212
Senate 15,Lieutenant Governor,REP,Dan Patrick,78747
Senate 16,Lieutenant Governor,,Over Votes,24
Senate 16,Lieutenant Governor,,Under Votes,5030
Senate 16,Lieutenant Governor,DEM,Mike Collier,155724
Senate 16,Lieutenant Governor,LIB,Kerry Douglas McKennon,6902
Senate 16,Lieutenant Governor,REP,Dan Patrick,133482
Senate 17,Lieutenant Governor,,OVERVOTES,4
Senate 17,Lieutenant Governor,,Over Votes,2
Senate 17,Lieutenant Governor,,UNDERVOTES,2370
Senate 17,Lieutenant Governor,,Under Votes,1662
Senate 17,Lieutenant Governor,DEM,Mike Collier,154453
Senate 17,Lieutenant Governor,LIB,Kerry Douglas McKennon,5910
Senate 17,Lieutenant Governor,REP,Dan Patrick,150408
Senate 18,Lieutenant Governor,,Cast Votes:,6084
Senate 18,Lieutenant Governor,,OVER VOTES,1
Senate 18,Lieutenant Governor,,OVERVOTES,1
Senate 18,Lieutenant Governor,,Over Votes,0
Senate 18,Lieutenant Governor,,Overvotes,0
Senate 18,Lieutenant Governor,,Overvotes:,0
Senate 18,Lieutenant Governor,,UNDER VOTES,222
Senate 18,Lieutenant Governor,,UNDERVOTES,117
Senate 18,Lieutenant Governor,,Under Votes,230
Senate 18,Lieutenant Governor,,Undervotes:,91
Senate 18,Lieutenant Governor,DEM,Mike Collier,28145
Senate 18,Lieutenant Governor,IND,Kerry Douglas McKennon,84
Senate 18,Lieutenant Governor,LIB,K. Douglas McKennon,93
Senate 18,Lieutenant Governor,LIB,Kerry Douglas,95
Senate 18,Lieutenant Governor,LIB,Kerry Douglas McKennon,1369
Senate 18,Lieutenant Governor,REP,Dan Patrick,67553
Senate 19,Lieutenant Governor,,OVER VOTES,1
Senate 19,Lieutenant Governor,,UNDER VOTES,1697
Senate 19,Lieutenant Governor,DEM,Mike  Collier,222
Senate 19,Lieutenant Governor,DEM,Mike Collier,90371
Senate 19,Lieutenant Governor,LIB,Kerry D. McKennon,40
Senate 19,Lieutenant Governor,LIB,Kerry Douglas McKennon,509
Senate 19,Lieutenant Governor,LIB,Kerry Douglas Mckennon,66
Senate 19,Lieutenant Governor,LIB,Kerry McKennon,3034
Senate 19,Lieutenant Governor,REP,Dan  Patrick,1110
Senate 19,Lieutenant Governor,REP,Dan Patrick,65061
Senate 20,Lieutenant Governor,,Over Votes,4
Senate 20,Lieutenant Governor,,Under Votes,393
Senate 20,Lieutenant Governor,DEM,Mike Collier,5163
Senate 20,Lieutenant Governor,LIB,Kerry Douglas McKennon,149
Senate 20,Lieutenant Governor,REP,Dan Patrick,4263
Senate 21,Lieutenant Governor,,Ballots Cast,3810
Senate 21,Lieutenant Governor,,OVER VOTES,0
Senate 21,Lieutenant Governor,,Over Votes,0
Senate 21,Lieutenant Governor,,UNDER VOTES,39
Senate 21,Lieutenant Governor,,Under Votes,808
Senate 21,Lieutenant Governor,DEM,Mike  Collier,2711
Senate 21,Lieutenant Governor,DEM,Mike Collier,39109
Senate 21,Lieutenant Governor,LIB,Kerry Douglas McKennon,1615
Senate 21,Lieutenant Governor,LIB,Kerry McKennon,409
Senate 21,Lieutenant Governor,REP,Dan  Patrick,3841
Senate 21,Lieutenant Governor,REP,Dan Patrick,38106
Senate 22,Lieutenant Governor,,Over Votes,1
Senate 22,Lieutenant Governor,,Under Votes,1103
Senate 22,Lieutenant Governor,DEM,Mike  Collier,655
Senate 22,Lieutenant Governor,DEM,Mike Collier,46802
Senate 22,Lieutenant Governor,LIB,Kerry Douglas McKennon,3059
Senate 22,Lieutenant Governor,REP,Dan  Patrick,2934
Senate 22,Lieutenant Governor,REP,Dan Patrick,85084
Senate 23,Lieutenant Governor,,OVER VOTES,0
Senate 23,Lieutenant Governor,,Over Votes,32
Senate 23,Lieutenant Governor,,UNDER VOTES,43
Senate 23,Lieutenant Governor,,Under Votes,3304
Senate 23,Lieutenant Governor,DEM,Mike Collier,183438
Senate 23,Lieutenant Governor,LIB,Kerry Douglas McKennon,4403
Senate 23,Lieutenant Governor,REP,Dan Patrick,39124
Senate 24,Lieutenant Governor,,Over Votes,10
Senate 24,Lieutenant Governor,,Under Votes,1602
Senate 24,Lieutenant Governor,DEM,Mike  Collier,357
Senate 24,Lieutenant Governor,DEM,Mike Collier,58205
Senate 24,Lieutenant Governor,DEM,Mike Collier ,982
Senate 24,Lieutenant Governor,Dan Patrick,REP,4066
Senate 24,Lieutenant Governor,Kerry Douglas McKennon,LIB,144
Senate 24,Lieutenant Governor,LIB,Kerry Douglas McKennon,4217
Senate 24,Lieutenant Governor,LIB,Kerry Douglas McKennon ,90
Senate 24,Lieutenant Governor,LIB,Kerry Douglas Mckennon,82
Senate 24,Lieutenant Governor,Mike Collier,DEM,1579
Senate 24,Lieutenant Governor,REP,Dan  Patrick,1604
Senate 24,Lieutenant Governor,REP,Dan Patrick,120942
Senate 24,Lieutenant Governor,REP,Dan Patrick ,4335
Senate 25,Lieutenant Governor,,OVER VOTES,1
Senate 25,Lieutenant Governor,,UNDER VOTES,2356
Senate 25,Lieutenant Governor,,Under Votes,410
Senate 25,Lieutenant Governor,DEM,Mike Collier,175864
Senate 25,Lieutenant Governor,LIB,Kerry Douglas McKennon,5185
Senate 25,Lieutenant Governor,LIB,Kerry McKennon,5186
Senate 25,Lieutenant Governor,REP,Dan Patrick,228482
Senate 26,Lieutenant Governor,,OVER VOTES,0
Senate 26,Lieutenant Governor,,UNDER VOTES,2950
Senate 26,Lieutenant Governor,DEM,Mike Collier,136399
Senate 26,Lieutenant Governor,LIB,Kerry McKennon,5136
Senate 26,Lieutenant Governor,REP,Dan Patrick,68411
Senate 27,Lieutenant Governor,,Over Votes,17
Senate 27,Lieutenant Governor,,Under Votes,3037
Senate 27,Lieutenant Governor,DEM,Mike Collier,41667
Senate 27,Lieutenant Governor,LIB,Kerry Douglas McKennon,2000
Senate 27,Lieutenant Governor,REP,Dan Patrick,26965
Senate 28,Lieutenant Governor,,Cast Votes,361
Senate 28,Lieutenant Governor,,Dan Patrick,290
Senate 28,Lieutenant Governor,,Kerry Douglas McKennon,6
Senate 28,Lieutenant Governor,,Mike Collier,128
Senate 28,Lieutenant Governor,,OVER VOTES,2
Senate 28,Lieutenant Governor,,Over Votes,1
Senate 28,Lieutenant Governor,,Overvotes,0
Senate 28,Lieutenant Governor,,UNDER VOTES,185
Senate 28,Lieutenant Governor,,Under Votes,1470
Senate 28,Lieutenant Governor,,Undervotes,12
Senate 28,Lieutenant Governor,DEM,Mike  Collier,2556
Senate 28,Lieutenant Governor,DEM,Mike Collier,46587
Senate 28,Lieutenant Governor,Dem,Mike Colllier,305
Senate 28,Lieutenant Governor,LIB,Kerry D. McKennon,41
Senate 28,Lieutenant Governor,LIB,Kerry Douglas,8
Senate 28,Lieutenant Governor,LIB,Kerry Douglas McKennon,4288
Senate 28,Lieutenant Governor,Lib,Kerry Douglas McKennon,19
Senate 28,Lieutenant Governor,REP,Dan  Patrick,7775
Senate 28,Lieutenant Governor,REP,Dan Patrick,101746
Senate 28,Lieutenant Governor,Rep,Dan Patrick,778
Senate 29,Lieutenant Governor,DEM,Mike Collier,509
Senate 29,Lieutenant Governor,LIB,Kerry Douglas McKennon,50
Senate 29,Lieutenant Governor,REP,Dan Patrick,600
Senate 30,Lieutenant Governor,,Cast Votes,18796
Senate 30,Lieutenant Governor,,OVER VOTES,2
Senate 30,Lieutenant Governor,,Over Votes,6
Senate 30,Lieutenant Governor,,Overvotes,0
Senate 30,Lieutenant Governor,,UNDER VOTES,964
Senate 30,Lieutenant Governor,,Under Votes,2166
Senate 30,Lieutenant Governor,,Undervotes,172
Senate 30,Lieutenant Governor,DEM,Mike Collier,85453
Senate 30,Lieutenant Governor,DEM,Mike Collier ,2597
Senate 30,Lieutenant Governor,LIB,K. Douglas McKennon,1293
Senate 30,Lieutenant Governor,LIB,Kerry D. McKennon,248
Senate 30,Lieutenant Governor,LIB,Kerry Douglas McKennon,5743
Senate 30,Lieutenant Governor,REP,Dan Patrick,223624
Senate 30,Lieutenant Governor,REP,Dan Patrick ,11590
Senate 31,Lieutenant Governor,,Dan Patrick,2550
Senate 31,Lieutenant Governor,,Kerry Douglas McKennon,75
Senate 31,Lieutenant Governor,,Mike Collier,1119
Senate 31,Lieutenant Governor,,OVER VOTES,0
Senate 31,Lieutenant Governor,,Over Votes,0
Senate 31,Lieutenant Governor,,UNDER VOTES,197
Senate 31,Lieutenant Governor,,Under Votes,941
Senate 31,Lieutenant Governor,DEM,MIKE COLLIER,408
Senate 31,Lieutenant Governor,DEM,Mike  Collier,960
Senate 31,Lieutenant Governor,DEM,Mike Collier,46940
Senate 31,Lieutenant Governor,LIB,KERRY D. MCKENNON,28
Senate 31,Lieutenant Governor,LIB,Kerry D. McKennon,17
Senate 31,Lieutenant Governor,LIB,Kerry Douglad McKennon,43
Senate 31,Lieutenant Governor,LIB,Kerry Douglas McKennon,4885
Senate 31,Lieutenant Governor,REP,DAN PATRICK,1147
Senate 31,Lieutenant Governor,REP,Dan  Patrick,3218
Senate 31,Lieutenant Governor,REP,Dan Patrick,153778
Senate 31,Lieutenant Governor,REP,Over Votes,1
Senate 31,Lieutenant Governor,REP,Under Votes,65